#
# There is insufficient memory for the Java Runtime Environment to continue.
# Native memory allocation (malloc) failed to allocate 1977936 bytes. Error detail: Chunk::new
# Possible reasons:
#   The system is out of physical RAM or swap space
#   This process is running with CompressedOops enabled, and the Java Heap may be blocking the growth of the native heap
# Possible solutions:
#   Reduce memory load on the system
#   Increase physical memory or swap space
#   Check if swap backing store is full
#   Decrease Java heap size (-Xmx/-Xms)
#   Decrease number of Java threads
#   Decrease Java thread stack sizes (-Xss)
#   Set larger code cache with -XX:ReservedCodeCacheSize=
#   JVM is running with Unscaled Compressed Oops mode in which the Java heap is
#     placed in the first 4GB address space. The Java Heap base address is the
#     maximum limit for the native heap growth. Please use -XX:HeapBaseMinAddress
#     to set the Java Heap base and to place the Java Heap above 4GB virtual address.
# This output file may be truncated or incomplete.
#
#  Out of Memory Error (arena.cpp:168), pid=10884, tid=4808
#
# JRE version: OpenJDK Runtime Environment (21.0.8) (build 21.0.8+-14196175-b1038.72)
# Java VM: OpenJDK 64-Bit Server VM (21.0.8+-14196175-b1038.72, mixed mode, tiered, compressed oops, compressed class ptrs, g1 gc, windows-amd64)
# No core dump will be written. Minidumps are not enabled by default on client versions of Windows
#

---------------  S U M M A R Y ------------

Command Line: --add-opens=java.base/java.lang=ALL-UNNAMED --add-opens=java.base/java.lang.invoke=ALL-UNNAMED --add-opens=java.base/java.util=ALL-UNNAMED --add-opens=java.prefs/java.util.prefs=ALL-UNNAMED --add-exports=jdk.compiler/com.sun.tools.javac.api=ALL-UNNAMED --add-exports=jdk.compiler/com.sun.tools.javac.util=ALL-UNNAMED --add-opens=java.base/java.util=ALL-UNNAMED --add-opens=java.prefs/java.util.prefs=ALL-UNNAMED --add-opens=java.base/java.nio.charset=ALL-UNNAMED --add-opens=java.base/java.net=ALL-UNNAMED --add-opens=java.base/java.util.concurrent.atomic=ALL-UNNAMED --add-opens=java.xml/javax.xml.namespace=ALL-UNNAMED -Xmx2048m -Dfile.encoding=UTF-8 -Duser.country=BR -Duser.language=pt -Duser.variant -javaagent:C:\Users\igors\.gradle\wrapper\dists\gradle-8.13-bin\5xuhj0ry160q40clulazy9h7d\gradle-8.13\lib\agents\gradle-instrumentation-agent-8.13.jar org.gradle.launcher.daemon.bootstrap.GradleDaemon 8.13

Host: 11th Gen Intel(R) Core(TM) i5-11300H @ 3.10GHz, 8 cores, 7G,  Windows 11 , 64 bit Build 26100 (10.0.26100.9168)
Time: Tue Aug 25 15:55:15 2026 Hora oficial do Brasil elapsed time: 81.596731 seconds (0d 0h 1m 21s)

---------------  T H R E A D  ---------------

Current thread (0x00000296c48a4a60):  JavaThread "C2 CompilerThread0" daemon [_thread_in_native, id=4808, stack(0x000000af00700000,0x000000af00800000) (1024K)]


Current CompileTask:
C2:81735 21942       4       java.lang.invoke.MethodType::makeImpl (109 bytes)

Stack: [0x000000af00700000,0x000000af00800000]
Native frames: (J=compiled Java code, j=interpreted, Vv=VM code, C=native code)
V  [jvm.dll+0x6d68d9]
V  [jvm.dll+0x866693]
V  [jvm.dll+0x868c4e]
V  [jvm.dll+0x869333]
V  [jvm.dll+0x280566]
V  [jvm.dll+0xc07cd]
V  [jvm.dll+0xc0d03]
V  [jvm.dll+0x3b95e1]
V  [jvm.dll+0x385507]
V  [jvm.dll+0x38497a]
V  [jvm.dll+0x249252]
V  [jvm.dll+0x248821]
V  [jvm.dll+0x1c73a4]
V  [jvm.dll+0x257f9e]
V  [jvm.dll+0x2564e6]
V  [jvm.dll+0x3f4696]
V  [jvm.dll+0x80eac8]
V  [jvm.dll+0x6d512d]
C  [ucrtbase.dll+0x2cd30]
C  [KERNEL32.DLL+0x2ccb7]
C  [ntdll.dll+0xaad6c]


---------------  P R O C E S S  ---------------

Threads class SMR info:
_java_thread_list=0x00000296de2035f0, length=94, elements={
0x00000296acfb02b0, 0x00000296c4859120, 0x00000296c4868ad0, 0x00000296c485c700,
0x00000296c48882f0, 0x00000296c4888d50, 0x00000296c488eeb0, 0x00000296c4892860,
0x00000296c48a4a60, 0x00000296c48a5500, 0x00000296c4893580, 0x00000296c4890e20,
0x00000296c48914b0, 0x00000296c4890100, 0x00000296c4890790, 0x00000296c4892ef0,
0x00000296c4891b40, 0x00000296ca821070, 0x00000296ca821700, 0x00000296ca8244f0,
0x00000296ca824b80, 0x00000296ca825210, 0x00000296ca822420, 0x00000296ca821d90,
0x00000296ca8237d0, 0x00000296ca8258a0, 0x00000296ca825f30, 0x00000296ca822ab0,
0x00000296ca8265c0, 0x00000296ca823140, 0x00000296ca827970, 0x00000296ca828000,
0x00000296ca828690, 0x00000296ca826c50, 0x00000296ca8272e0, 0x00000296cb364470,
0x00000296cb364b00, 0x00000296cb365820, 0x00000296cb3678f0, 0x00000296cb367f80,
0x00000296cb366540, 0x00000296cb369330, 0x00000296cb368610, 0x00000296cb367260,
0x00000296cb36a050, 0x00000296cb366bd0, 0x00000296cb36ad70, 0x00000296cb36b400,
0x00000296cde67b80, 0x00000296cde6b000, 0x00000296cde6b690, 0x00000296cde69c50,
0x00000296cde68210, 0x00000296cde68f30, 0x00000296cde6a2e0, 0x00000296cde695c0,
0x00000296cde6bd20, 0x00000296cde688a0, 0x00000296d7e10c70, 0x00000296d7e11300,
0x00000296d3480db0, 0x00000296cdcc22d0, 0x00000296cdcc0f20, 0x00000296cdcc2960,
0x00000296cdcc0200, 0x00000296cdcc2ff0, 0x00000296cdcc3d10, 0x00000296cdcc15b0,
0x00000296cdcc0890, 0x00000296cdcc50c0, 0x00000296cdcc3680, 0x00000296cdcc4a30,
0x00000296cdcc5750, 0x00000296cdcc7820, 0x00000296cdcc6470, 0x00000296cdcc6b00,
0x00000296cdcc5de0, 0x00000296cdcc7190, 0x00000296d7e0c440, 0x00000296d7ce2310,
0x00000296d7cdfbb0, 0x00000296d7ce3d50, 0x00000296d7ce7860, 0x00000296d7ce5790,
0x00000296d7ce5e20, 0x00000296d7ce7ef0, 0x00000296d7ce4a70, 0x00000296d7ce5100,
0x00000296d7ce92a0, 0x00000296d7ce9930, 0x00000296d7ce9fc0, 0x00000296d7ceba00,
0x00000296d7ceace0, 0x00000296d85670e0
}

Java Threads: ( => current thread )
  0x00000296acfb02b0 JavaThread "main"                              [_thread_blocked, id=2000, stack(0x000000af7f800000,0x000000af7f900000) (1024K)]
  0x00000296c4859120 JavaThread "Common-Cleaner"             daemon [_thread_blocked, id=2656, stack(0x000000af00000000,0x000000af00100000) (1024K)]
  0x00000296c4868ad0 JavaThread "Reference Handler"          daemon [_thread_blocked, id=27004, stack(0x000000af00100000,0x000000af00200000) (1024K)]
  0x00000296c485c700 JavaThread "Finalizer"                  daemon [_thread_blocked, id=16592, stack(0x000000af00200000,0x000000af00300000) (1024K)]
  0x00000296c48882f0 JavaThread "Signal Dispatcher"          daemon [_thread_blocked, id=10272, stack(0x000000af00300000,0x000000af00400000) (1024K)]
  0x00000296c4888d50 JavaThread "Attach Listener"            daemon [_thread_blocked, id=15244, stack(0x000000af00400000,0x000000af00500000) (1024K)]
  0x00000296c488eeb0 JavaThread "Service Thread"             daemon [_thread_blocked, id=5868, stack(0x000000af00500000,0x000000af00600000) (1024K)]
  0x00000296c4892860 JavaThread "Monitor Deflation Thread"   daemon [_thread_blocked, id=16272, stack(0x000000af00600000,0x000000af00700000) (1024K)]
=>0x00000296c48a4a60 JavaThread "C2 CompilerThread0"         daemon [_thread_in_native, id=4808, stack(0x000000af00700000,0x000000af00800000) (1024K)]
  0x00000296c48a5500 JavaThread "C1 CompilerThread0"         daemon [_thread_blocked, id=12696, stack(0x000000af00800000,0x000000af00900000) (1024K)]
  0x00000296c4893580 JavaThread "Notification Thread"        daemon [_thread_blocked, id=8156, stack(0x000000af00900000,0x000000af00a00000) (1024K)]
  0x00000296c4890e20 JavaThread "Daemon health stats"               [_thread_blocked, id=12116, stack(0x000000af00e00000,0x000000af00f00000) (1024K)]
  0x00000296c48914b0 JavaThread "Incoming local TCP Connector on port 54819"        [_thread_in_native, id=180, stack(0x000000af01200000,0x000000af01300000) (1024K)]
  0x00000296c4890100 JavaThread "Daemon periodic checks"            [_thread_blocked, id=21828, stack(0x000000af01300000,0x000000af01400000) (1024K)]
  0x00000296c4890790 JavaThread "Daemon"                            [_thread_blocked, id=10248, stack(0x000000af01400000,0x000000af01500000) (1024K)]
  0x00000296c4892ef0 JavaThread "Handler for socket connection from /127.0.0.1:54819 to /127.0.0.1:54820"        [_thread_in_native, id=1796, stack(0x000000af01500000,0x000000af01600000) (1024K)]
  0x00000296c4891b40 JavaThread "Cancel handler"                    [_thread_blocked, id=12100, stack(0x000000af01600000,0x000000af01700000) (1024K)]
  0x00000296ca821070 JavaThread "Daemon worker"                     [_thread_in_Java, id=11404, stack(0x000000af01700000,0x000000af01800000) (1024K)]
  0x00000296ca821700 JavaThread "Asynchronous log dispatcher for DefaultDaemonConnection: socket connection from /127.0.0.1:54819 to /127.0.0.1:54820"        [_thread_blocked, id=6560, stack(0x000000af01900000,0x000000af01a00000) (1024K)]
  0x00000296ca8244f0 JavaThread "Stdin handler"                     [_thread_blocked, id=25532, stack(0x000000af01a00000,0x000000af01b00000) (1024K)]
  0x00000296ca824b80 JavaThread "Daemon client event forwarder"        [_thread_blocked, id=20240, stack(0x000000af01b00000,0x000000af01c00000) (1024K)]
  0x00000296ca825210 JavaThread "Cache worker for journal cache (C:\Users\igors\.gradle\caches\journal-1)"        [_thread_blocked, id=20924, stack(0x000000af01c00000,0x000000af01d00000) (1024K)]
  0x00000296ca822420 JavaThread "File lock request listener"        [_thread_in_native, id=11476, stack(0x000000af01d00000,0x000000af01e00000) (1024K)]
  0x00000296ca821d90 JavaThread "Cache worker for file hash cache (C:\Users\igors\.gradle\caches\8.13\fileHashes)"        [_thread_blocked, id=9560, stack(0x000000af01e00000,0x000000af01f00000) (1024K)]
  0x00000296ca8237d0 JavaThread "Cache worker for file hash cache (C:\Users\igors\Downloads\superinvoice\.gradle\8.13\fileHashes)"        [_thread_blocked, id=25292, stack(0x000000af01f00000,0x000000af02000000) (1024K)]
  0x00000296ca8258a0 JavaThread "Cache worker for Build Output Cleanup Cache (C:\Users\igors\Downloads\superinvoice\.gradle\buildOutputCleanup)"        [_thread_blocked, id=14556, stack(0x000000af02000000,0x000000af02100000) (1024K)]
  0x00000296ca825f30 JavaThread "File watcher server"        daemon [_thread_in_native, id=9028, stack(0x000000af02100000,0x000000af02200000) (1024K)]
  0x00000296ca822ab0 JavaThread "File watcher consumer"      daemon [_thread_blocked, id=17872, stack(0x000000af02200000,0x000000af02300000) (1024K)]
  0x00000296ca8265c0 JavaThread "jar transforms"                    [_thread_blocked, id=26212, stack(0x000000af02300000,0x000000af02400000) (1024K)]
  0x00000296ca823140 JavaThread "jar transforms Thread 2"           [_thread_blocked, id=6216, stack(0x000000af02400000,0x000000af02500000) (1024K)]
  0x00000296ca827970 JavaThread "jar transforms Thread 3"           [_thread_blocked, id=19740, stack(0x000000af02500000,0x000000af02600000) (1024K)]
  0x00000296ca828000 JavaThread "jar transforms Thread 4"           [_thread_blocked, id=19056, stack(0x000000af02600000,0x000000af02700000) (1024K)]
  0x00000296ca828690 JavaThread "jar transforms Thread 5"           [_thread_blocked, id=1248, stack(0x000000af02700000,0x000000af02800000) (1024K)]
  0x00000296ca826c50 JavaThread "jar transforms Thread 6"           [_thread_blocked, id=4136, stack(0x000000af02800000,0x000000af02900000) (1024K)]
  0x00000296ca8272e0 JavaThread "jar transforms Thread 7"           [_thread_blocked, id=22192, stack(0x000000af02900000,0x000000af02a00000) (1024K)]
  0x00000296cb364470 JavaThread "jar transforms Thread 8"           [_thread_blocked, id=14568, stack(0x000000af02a00000,0x000000af02b00000) (1024K)]
  0x00000296cb364b00 JavaThread "Cache worker for checksums cache (C:\Users\igors\Downloads\superinvoice\.gradle\8.13\checksums)"        [_thread_blocked, id=20452, stack(0x000000af02b00000,0x000000af02c00000) (1024K)]
  0x00000296cb365820 JavaThread "Cache worker for file content cache (C:\Users\igors\.gradle\caches\8.13\fileContent)"        [_thread_blocked, id=2616, stack(0x000000af02c00000,0x000000af02d00000) (1024K)]
  0x00000296cb3678f0 JavaThread "Cache worker for cache directory md-supplier (C:\Users\igors\.gradle\caches\8.13\md-supplier)"        [_thread_blocked, id=18132, stack(0x000000af02e00000,0x000000af02f00000) (1024K)]
  0x00000296cb367f80 JavaThread "Cache worker for cache directory md-rule (C:\Users\igors\.gradle\caches\8.13\md-rule)"        [_thread_blocked, id=23004, stack(0x000000af02f00000,0x000000af03000000) (1024K)]
  0x00000296cb366540 JavaThread "Unconstrained build operations"        [_thread_blocked, id=23064, stack(0x000000af03000000,0x000000af03100000) (1024K)]
  0x00000296cb369330 JavaThread "Unconstrained build operations Thread 2"        [_thread_blocked, id=12452, stack(0x000000af03100000,0x000000af03200000) (1024K)]
  0x00000296cb368610 JavaThread "Unconstrained build operations Thread 3"        [_thread_blocked, id=27896, stack(0x000000af03200000,0x000000af03300000) (1024K)]
  0x00000296cb367260 JavaThread "Unconstrained build operations Thread 4"        [_thread_blocked, id=2952, stack(0x000000af03300000,0x000000af03400000) (1024K)]
  0x00000296cb36a050 JavaThread "Unconstrained build operations Thread 5"        [_thread_blocked, id=7188, stack(0x000000af03400000,0x000000af03500000) (1024K)]
  0x00000296cb366bd0 JavaThread "Unconstrained build operations Thread 6"        [_thread_blocked, id=11460, stack(0x000000af03500000,0x000000af03600000) (1024K)]
  0x00000296cb36ad70 JavaThread "Unconstrained build operations Thread 7"        [_thread_blocked, id=19980, stack(0x000000af03600000,0x000000af03700000) (1024K)]
  0x00000296cb36b400 JavaThread "Unconstrained build operations Thread 8"        [_thread_blocked, id=26148, stack(0x000000af03700000,0x000000af03800000) (1024K)]
  0x00000296cde67b80 JavaThread "Unconstrained build operations Thread 9"        [_thread_blocked, id=9016, stack(0x000000af03800000,0x000000af03900000) (1024K)]
  0x00000296cde6b000 JavaThread "Unconstrained build operations Thread 10"        [_thread_blocked, id=23808, stack(0x000000af03900000,0x000000af03a00000) (1024K)]
  0x00000296cde6b690 JavaThread "Unconstrained build operations Thread 11"        [_thread_blocked, id=7104, stack(0x000000af03a00000,0x000000af03b00000) (1024K)]
  0x00000296cde69c50 JavaThread "Unconstrained build operations Thread 12"        [_thread_blocked, id=28528, stack(0x000000af03b00000,0x000000af03c00000) (1024K)]
  0x00000296cde68210 JavaThread "Unconstrained build operations Thread 13"        [_thread_blocked, id=19376, stack(0x000000af03c00000,0x000000af03d00000) (1024K)]
  0x00000296cde68f30 JavaThread "Unconstrained build operations Thread 14"        [_thread_blocked, id=11508, stack(0x000000af03d00000,0x000000af03e00000) (1024K)]
  0x00000296cde6a2e0 JavaThread "Unconstrained build operations Thread 15"        [_thread_blocked, id=16732, stack(0x000000af03e00000,0x000000af03f00000) (1024K)]
  0x00000296cde695c0 JavaThread "Unconstrained build operations Thread 16"        [_thread_blocked, id=24744, stack(0x000000af03f00000,0x000000af04000000) (1024K)]
  0x00000296cde6bd20 JavaThread "Unconstrained build operations Thread 17"        [_thread_blocked, id=4800, stack(0x000000af04000000,0x000000af04100000) (1024K)]
  0x00000296cde688a0 JavaThread "Unconstrained build operations Thread 18"        [_thread_blocked, id=13924, stack(0x000000af04100000,0x000000af04200000) (1024K)]
  0x00000296d7e10c70 JavaThread "Unconstrained build operations Thread 19"        [_thread_blocked, id=26696, stack(0x000000af02d00000,0x000000af02e00000) (1024K)]
  0x00000296d7e11300 JavaThread "Unconstrained build operations Thread 20"        [_thread_blocked, id=11024, stack(0x000000af04200000,0x000000af04300000) (1024K)]
  0x00000296d3480db0 JavaThread "Unconstrained build operations Thread 21"        [_thread_blocked, id=22132, stack(0x000000af04300000,0x000000af04400000) (1024K)]
  0x00000296cdcc22d0 JavaThread "Unconstrained build operations Thread 22"        [_thread_blocked, id=21636, stack(0x000000af04400000,0x000000af04500000) (1024K)]
  0x00000296cdcc0f20 JavaThread "Unconstrained build operations Thread 23"        [_thread_blocked, id=16756, stack(0x000000af04500000,0x000000af04600000) (1024K)]
  0x00000296cdcc2960 JavaThread "Unconstrained build operations Thread 24"        [_thread_blocked, id=16204, stack(0x000000af04600000,0x000000af04700000) (1024K)]
  0x00000296cdcc0200 JavaThread "Unconstrained build operations Thread 25"        [_thread_blocked, id=19180, stack(0x000000af04700000,0x000000af04800000) (1024K)]
  0x00000296cdcc2ff0 JavaThread "Unconstrained build operations Thread 26"        [_thread_blocked, id=13632, stack(0x000000af04800000,0x000000af04900000) (1024K)]
  0x00000296cdcc3d10 JavaThread "Unconstrained build operations Thread 27"        [_thread_blocked, id=28460, stack(0x000000af04900000,0x000000af04a00000) (1024K)]
  0x00000296cdcc15b0 JavaThread "Unconstrained build operations Thread 28"        [_thread_blocked, id=17600, stack(0x000000af04a00000,0x000000af04b00000) (1024K)]
  0x00000296cdcc0890 JavaThread "Unconstrained build operations Thread 29"        [_thread_blocked, id=18596, stack(0x000000af04b00000,0x000000af04c00000) (1024K)]
  0x00000296cdcc50c0 JavaThread "Unconstrained build operations Thread 30"        [_thread_blocked, id=26852, stack(0x000000af04c00000,0x000000af04d00000) (1024K)]
  0x00000296cdcc3680 JavaThread "Unconstrained build operations Thread 31"        [_thread_blocked, id=12004, stack(0x000000af04d00000,0x000000af04e00000) (1024K)]
  0x00000296cdcc4a30 JavaThread "Unconstrained build operations Thread 32"        [_thread_blocked, id=23044, stack(0x000000af04e00000,0x000000af04f00000) (1024K)]
  0x00000296cdcc5750 JavaThread "Unconstrained build operations Thread 33"        [_thread_blocked, id=9824, stack(0x000000af04f00000,0x000000af05000000) (1024K)]
  0x00000296cdcc7820 JavaThread "Unconstrained build operations Thread 34"        [_thread_blocked, id=17132, stack(0x000000af05000000,0x000000af05100000) (1024K)]
  0x00000296cdcc6470 JavaThread "Unconstrained build operations Thread 35"        [_thread_blocked, id=14624, stack(0x000000af05100000,0x000000af05200000) (1024K)]
  0x00000296cdcc6b00 JavaThread "Unconstrained build operations Thread 36"        [_thread_blocked, id=26420, stack(0x000000af05200000,0x000000af05300000) (1024K)]
  0x00000296cdcc5de0 JavaThread "Unconstrained build operations Thread 37"        [_thread_blocked, id=20192, stack(0x000000af05300000,0x000000af05400000) (1024K)]
  0x00000296cdcc7190 JavaThread "Unconstrained build operations Thread 38"        [_thread_blocked, id=26556, stack(0x000000af05400000,0x000000af05500000) (1024K)]
  0x00000296d7e0c440 JavaThread "Unconstrained build operations Thread 39"        [_thread_blocked, id=26784, stack(0x000000af05500000,0x000000af05600000) (1024K)]
  0x00000296d7ce2310 JavaThread "Memory manager"                    [_thread_blocked, id=15932, stack(0x000000af05600000,0x000000af05700000) (1024K)]
  0x00000296d7cdfbb0 JavaThread "build event listener"              [_thread_blocked, id=27824, stack(0x000000af05700000,0x000000af05800000) (1024K)]
  0x00000296d7ce3d50 JavaThread "pool-3-thread-1"                   [_thread_blocked, id=6180, stack(0x000000af05900000,0x000000af05a00000) (1024K)]
  0x00000296d7ce7860 JavaThread "included builds"                   [_thread_blocked, id=13896, stack(0x000000af05a00000,0x000000af05b00000) (1024K)]
  0x00000296d7ce5790 JavaThread "Execution worker"                  [_thread_blocked, id=16248, stack(0x000000af05b00000,0x000000af05c00000) (1024K)]
  0x00000296d7ce5e20 JavaThread "Execution worker Thread 2"         [_thread_blocked, id=23708, stack(0x000000af05c00000,0x000000af05d00000) (1024K)]
  0x00000296d7ce7ef0 JavaThread "Execution worker Thread 3"         [_thread_blocked, id=24176, stack(0x000000af05d00000,0x000000af05e00000) (1024K)]
  0x00000296d7ce4a70 JavaThread "Execution worker Thread 4"         [_thread_blocked, id=11600, stack(0x000000af05e00000,0x000000af05f00000) (1024K)]
  0x00000296d7ce5100 JavaThread "Execution worker Thread 5"         [_thread_blocked, id=24832, stack(0x000000af05f00000,0x000000af06000000) (1024K)]
  0x00000296d7ce92a0 JavaThread "Execution worker Thread 6"         [_thread_blocked, id=17548, stack(0x000000af06000000,0x000000af06100000) (1024K)]
  0x00000296d7ce9930 JavaThread "Execution worker Thread 7"         [_thread_blocked, id=20944, stack(0x000000af06100000,0x000000af06200000) (1024K)]
  0x00000296d7ce9fc0 JavaThread "Cache worker for execution history cache (C:\Users\igors\Downloads\superinvoice\.gradle\8.13\executionHistory)"        [_thread_blocked, id=5816, stack(0x000000af06200000,0x000000af06300000) (1024K)]
  0x00000296d7ceba00 JavaThread "idea-tooling-model-converter"        [_thread_blocked, id=11632, stack(0x000000af06300000,0x000000af06400000) (1024K)]
  0x00000296d7ceace0 JavaThread "Unconstrained build operations Thread 40"        [_thread_blocked, id=20840, stack(0x000000af06400000,0x000000af06500000) (1024K)]
  0x00000296d85670e0 JavaThread "C2 CompilerThread1"         daemon [_thread_blocked, id=12892, stack(0x000000af06500000,0x000000af06600000) (1024K)]
Total: 94

Other Threads:
  0x00000296c46ab7f0 VMThread "VM Thread"                           [id=8744, stack(0x000000af7ff00000,0x000000af80000000) (1024K)]
  0x00000296c4645c30 WatcherThread "VM Periodic Task Thread"        [id=12092, stack(0x000000af7fe00000,0x000000af7ff00000) (1024K)]
  0x00000296ad006330 WorkerThread "GC Thread#0"                     [id=20584, stack(0x000000af7f900000,0x000000af7fa00000) (1024K)]
  0x00000296c93adbf0 WorkerThread "GC Thread#1"                     [id=27372, stack(0x000000af00a00000,0x000000af00b00000) (1024K)]
  0x00000296c927fe10 WorkerThread "GC Thread#2"                     [id=4764, stack(0x000000af00b00000,0x000000af00c00000) (1024K)]
  0x00000296c9b174a0 WorkerThread "GC Thread#3"                     [id=21288, stack(0x000000af00c00000,0x000000af00d00000) (1024K)]
  0x00000296c9b17840 WorkerThread "GC Thread#4"                     [id=23172, stack(0x000000af00d00000,0x000000af00e00000) (1024K)]
  0x00000296ca79b510 WorkerThread "GC Thread#5"                     [id=27024, stack(0x000000af00f00000,0x000000af01000000) (1024K)]
  0x00000296ca83ceb0 WorkerThread "GC Thread#6"                     [id=27440, stack(0x000000af01000000,0x000000af01100000) (1024K)]
  0x00000296ca8ccb40 WorkerThread "GC Thread#7"                     [id=9976, stack(0x000000af01100000,0x000000af01200000) (1024K)]
  0x00000296ad018540 ConcurrentGCThread "G1 Main Marker"            [id=8220, stack(0x000000af7fa00000,0x000000af7fb00000) (1024K)]
  0x00000296ad018df0 WorkerThread "G1 Conc#0"                       [id=27096, stack(0x000000af7fb00000,0x000000af7fc00000) (1024K)]
  0x00000296caa16110 WorkerThread "G1 Conc#1"                       [id=11000, stack(0x000000af01800000,0x000000af01900000) (1024K)]
  0x00000296ad06e6f0 ConcurrentGCThread "G1 Refine#0"               [id=17416, stack(0x000000af7fc00000,0x000000af7fd00000) (1024K)]
  0x00000296c451c240 ConcurrentGCThread "G1 Service"                [id=22320, stack(0x000000af7fd00000,0x000000af7fe00000) (1024K)]
Total: 15

Threads with active compile tasks:
C2 CompilerThread0  84627 21942       4       java.lang.invoke.MethodType::makeImpl (109 bytes)
Total: 1

VM state: not at safepoint (normal execution)

VM Mutex/Monitor currently owned by a thread: None

Heap address: 0x0000000080000000, size: 2048 MB, Compressed Oops mode: 32-bit

CDS archive(s) not mapped
Compressed class space mapped at: 0x0000000100000000-0x0000000140000000, reserved size: 1073741824
Narrow klass base: 0x0000000000000000, Narrow klass shift: 3, Narrow klass range: 0x140000000

GC Precious Log:
 CardTable entry size: 512
 Card Set container configuration: InlinePtr #cards 5 size 8 Array Of Cards #cards 12 size 40 Howl #buckets 4 coarsen threshold 1843 Howl Bitmap #cards 512 size 80 coarsen threshold 460 Card regions per heap region 1 cards per card region 2048
 CPUs: 8 total, 8 available
 Memory: 7975M
 Large Page Support: Disabled
 NUMA Support: Disabled
 Compressed Oops: Enabled (32-bit)
 Heap Region Size: 1M
 Heap Min Capacity: 8M
 Heap Initial Capacity: 126M
 Heap Max Capacity: 2G
 Pre-touch: Disabled
 Parallel Workers: 8
 Concurrent Workers: 2
 Concurrent Refinement Workers: 8
 Periodic GC: Disabled

Heap:
 garbage-first heap   total 429056K, used 370840K [0x0000000080000000, 0x0000000100000000)
  region size 1024K, 123 young (125952K), 10 survivors (10240K)
 Metaspace       used 198100K, committed 200832K, reserved 1245184K
  class space    used 26011K, committed 27328K, reserved 1048576K

Heap Regions: E=young(eden), S=young(survivor), O=old, HS=humongous(starts), HC=humongous(continues), CS=collection set, F=free, TAMS=top-at-mark-start, PB=parsable bottom
|   0|0x0000000080000000, 0x0000000080100000, 0x0000000080100000|100%|HS|  |TAMS 0x0000000080000000| PB 0x0000000080000000| Complete 
|   1|0x0000000080100000, 0x0000000080200000, 0x0000000080200000|100%|HC|  |TAMS 0x0000000080100000| PB 0x0000000080100000| Complete 
|   2|0x0000000080200000, 0x0000000080300000, 0x0000000080300000|100%|HC|  |TAMS 0x0000000080200000| PB 0x0000000080200000| Complete 
|   3|0x0000000080300000, 0x0000000080400000, 0x0000000080400000|100%| O|  |TAMS 0x0000000080300000| PB 0x0000000080300000| Untracked 
|   4|0x0000000080400000, 0x0000000080500000, 0x0000000080500000|100%| O|  |TAMS 0x0000000080400000| PB 0x0000000080400000| Untracked 
|   5|0x0000000080500000, 0x0000000080600000, 0x0000000080600000|100%| O|  |TAMS 0x0000000080500000| PB 0x0000000080500000| Untracked 
|   6|0x0000000080600000, 0x0000000080700000, 0x0000000080700000|100%|HS|  |TAMS 0x0000000080600000| PB 0x0000000080600000| Complete 
|   7|0x0000000080700000, 0x0000000080800000, 0x0000000080800000|100%| O|  |TAMS 0x0000000080700000| PB 0x0000000080700000| Untracked 
|   8|0x0000000080800000, 0x0000000080900000, 0x0000000080900000|100%| O|  |TAMS 0x0000000080800000| PB 0x0000000080800000| Untracked 
|   9|0x0000000080900000, 0x0000000080a00000, 0x0000000080a00000|100%| O|  |TAMS 0x0000000080900000| PB 0x0000000080900000| Untracked 
|  10|0x0000000080a00000, 0x0000000080b00000, 0x0000000080b00000|100%| O|  |TAMS 0x0000000080a00000| PB 0x0000000080a00000| Untracked 
|  11|0x0000000080b00000, 0x0000000080c00000, 0x0000000080c00000|100%| O|  |TAMS 0x0000000080b00000| PB 0x0000000080b00000| Untracked 
|  12|0x0000000080c00000, 0x0000000080d00000, 0x0000000080d00000|100%| O|  |TAMS 0x0000000080c00000| PB 0x0000000080c00000| Untracked 
|  13|0x0000000080d00000, 0x0000000080e00000, 0x0000000080e00000|100%| O|  |TAMS 0x0000000080d00000| PB 0x0000000080d00000| Untracked 
|  14|0x0000000080e00000, 0x0000000080f00000, 0x0000000080f00000|100%| O|  |TAMS 0x0000000080e00000| PB 0x0000000080e00000| Untracked 
|  15|0x0000000080f00000, 0x0000000081000000, 0x0000000081000000|100%| O|  |TAMS 0x0000000080f00000| PB 0x0000000080f00000| Untracked 
|  16|0x0000000081000000, 0x0000000081100000, 0x0000000081100000|100%| O|  |TAMS 0x0000000081000000| PB 0x0000000081000000| Untracked 
|  17|0x0000000081100000, 0x0000000081200000, 0x0000000081200000|100%| O|  |TAMS 0x0000000081100000| PB 0x0000000081100000| Untracked 
|  18|0x0000000081200000, 0x0000000081300000, 0x0000000081300000|100%| O|  |TAMS 0x0000000081200000| PB 0x0000000081200000| Untracked 
|  19|0x0000000081300000, 0x0000000081400000, 0x0000000081400000|100%| O|  |TAMS 0x0000000081300000| PB 0x0000000081300000| Untracked 
|  20|0x0000000081400000, 0x0000000081500000, 0x0000000081500000|100%| O|  |TAMS 0x0000000081400000| PB 0x0000000081400000| Untracked 
|  21|0x0000000081500000, 0x0000000081600000, 0x0000000081600000|100%| O|  |TAMS 0x0000000081500000| PB 0x0000000081500000| Untracked 
|  22|0x0000000081600000, 0x0000000081700000, 0x0000000081700000|100%|HS|  |TAMS 0x0000000081600000| PB 0x0000000081600000| Complete 
|  23|0x0000000081700000, 0x0000000081800000, 0x0000000081800000|100%|HC|  |TAMS 0x0000000081700000| PB 0x0000000081700000| Complete 
|  24|0x0000000081800000, 0x0000000081900000, 0x0000000081900000|100%|HC|  |TAMS 0x0000000081800000| PB 0x0000000081800000| Complete 
|  25|0x0000000081900000, 0x0000000081a00000, 0x0000000081a00000|100%|HC|  |TAMS 0x0000000081900000| PB 0x0000000081900000| Complete 
|  26|0x0000000081a00000, 0x0000000081b00000, 0x0000000081b00000|100%|HC|  |TAMS 0x0000000081a00000| PB 0x0000000081a00000| Complete 
|  27|0x0000000081b00000, 0x0000000081c00000, 0x0000000081c00000|100%|HC|  |TAMS 0x0000000081b00000| PB 0x0000000081b00000| Complete 
|  28|0x0000000081c00000, 0x0000000081d00000, 0x0000000081d00000|100%|HS|  |TAMS 0x0000000081c00000| PB 0x0000000081c00000| Complete 
|  29|0x0000000081d00000, 0x0000000081e00000, 0x0000000081e00000|100%|HS|  |TAMS 0x0000000081d00000| PB 0x0000000081d00000| Complete 
|  30|0x0000000081e00000, 0x0000000081f00000, 0x0000000081f00000|100%|HC|  |TAMS 0x0000000081e00000| PB 0x0000000081e00000| Complete 
|  31|0x0000000081f00000, 0x0000000082000000, 0x0000000082000000|100%|HS|  |TAMS 0x0000000081f00000| PB 0x0000000081f00000| Complete 
|  32|0x0000000082000000, 0x0000000082100000, 0x0000000082100000|100%|HC|  |TAMS 0x0000000082000000| PB 0x0000000082000000| Complete 
|  33|0x0000000082100000, 0x0000000082200000, 0x0000000082200000|100%|HC|  |TAMS 0x0000000082100000| PB 0x0000000082100000| Complete 
|  34|0x0000000082200000, 0x0000000082300000, 0x0000000082300000|100%|HC|  |TAMS 0x0000000082200000| PB 0x0000000082200000| Complete 
|  35|0x0000000082300000, 0x0000000082400000, 0x0000000082400000|100%|HS|  |TAMS 0x0000000082300000| PB 0x0000000082300000| Complete 
|  36|0x0000000082400000, 0x0000000082500000, 0x0000000082500000|100%|HS|  |TAMS 0x0000000082400000| PB 0x0000000082400000| Complete 
|  37|0x0000000082500000, 0x0000000082600000, 0x0000000082600000|100%|HC|  |TAMS 0x0000000082500000| PB 0x0000000082500000| Complete 
|  38|0x0000000082600000, 0x0000000082700000, 0x0000000082700000|100%|HC|  |TAMS 0x0000000082600000| PB 0x0000000082600000| Complete 
|  39|0x0000000082700000, 0x0000000082800000, 0x0000000082800000|100%|HC|  |TAMS 0x0000000082700000| PB 0x0000000082700000| Complete 
|  40|0x0000000082800000, 0x0000000082900000, 0x0000000082900000|100%|HC|  |TAMS 0x0000000082800000| PB 0x0000000082800000| Complete 
|  41|0x0000000082900000, 0x0000000082a00000, 0x0000000082a00000|100%|HC|  |TAMS 0x0000000082900000| PB 0x0000000082900000| Complete 
|  42|0x0000000082a00000, 0x0000000082b00000, 0x0000000082b00000|100%|HS|  |TAMS 0x0000000082a00000| PB 0x0000000082a00000| Complete 
|  43|0x0000000082b00000, 0x0000000082c00000, 0x0000000082c00000|100%|HS|  |TAMS 0x0000000082b00000| PB 0x0000000082b00000| Complete 
|  44|0x0000000082c00000, 0x0000000082d00000, 0x0000000082d00000|100%|HC|  |TAMS 0x0000000082c00000| PB 0x0000000082c00000| Complete 
|  45|0x0000000082d00000, 0x0000000082e00000, 0x0000000082e00000|100%|HS|  |TAMS 0x0000000082d00000| PB 0x0000000082d00000| Complete 
|  46|0x0000000082e00000, 0x0000000082f00000, 0x0000000082f00000|100%| O|  |TAMS 0x0000000082e00000| PB 0x0000000082e00000| Untracked 
|  47|0x0000000082f00000, 0x0000000083000000, 0x0000000083000000|100%| O|  |TAMS 0x0000000082f00000| PB 0x0000000082f00000| Untracked 
|  48|0x0000000083000000, 0x0000000083100000, 0x0000000083100000|100%| O|  |TAMS 0x0000000083000000| PB 0x0000000083000000| Untracked 
|  49|0x0000000083100000, 0x0000000083200000, 0x0000000083200000|100%| O|  |TAMS 0x0000000083100000| PB 0x0000000083100000| Untracked 
|  50|0x0000000083200000, 0x0000000083300000, 0x0000000083300000|100%| O|  |TAMS 0x0000000083200000| PB 0x0000000083200000| Untracked 
|  51|0x0000000083300000, 0x0000000083400000, 0x0000000083400000|100%|HS|  |TAMS 0x0000000083300000| PB 0x0000000083300000| Complete 
|  52|0x0000000083400000, 0x0000000083500000, 0x0000000083500000|100%| O|  |TAMS 0x0000000083400000| PB 0x0000000083400000| Untracked 
|  53|0x0000000083500000, 0x0000000083600000, 0x0000000083600000|100%| O|  |TAMS 0x0000000083500000| PB 0x0000000083500000| Untracked 
|  54|0x0000000083600000, 0x0000000083700000, 0x0000000083700000|100%| O|  |TAMS 0x0000000083600000| PB 0x0000000083600000| Untracked 
|  55|0x0000000083700000, 0x0000000083800000, 0x0000000083800000|100%| O|  |TAMS 0x0000000083700000| PB 0x0000000083700000| Untracked 
|  56|0x0000000083800000, 0x0000000083900000, 0x0000000083900000|100%| O|  |TAMS 0x0000000083800000| PB 0x0000000083800000| Untracked 
|  57|0x0000000083900000, 0x0000000083a00000, 0x0000000083a00000|100%| O|  |TAMS 0x0000000083900000| PB 0x0000000083900000| Untracked 
|  58|0x0000000083a00000, 0x0000000083b00000, 0x0000000083b00000|100%| O|  |TAMS 0x0000000083a00000| PB 0x0000000083a00000| Untracked 
|  59|0x0000000083b00000, 0x0000000083c00000, 0x0000000083c00000|100%| O|  |TAMS 0x0000000083b00000| PB 0x0000000083b00000| Untracked 
|  60|0x0000000083c00000, 0x0000000083d00000, 0x0000000083d00000|100%| O|  |TAMS 0x0000000083c00000| PB 0x0000000083c00000| Untracked 
|  61|0x0000000083d00000, 0x0000000083e00000, 0x0000000083e00000|100%|HS|  |TAMS 0x0000000083d00000| PB 0x0000000083d00000| Complete 
|  62|0x0000000083e00000, 0x0000000083f00000, 0x0000000083f00000|100%|HC|  |TAMS 0x0000000083e00000| PB 0x0000000083e00000| Complete 
|  63|0x0000000083f00000, 0x0000000084000000, 0x0000000084000000|100%| O|  |TAMS 0x0000000083f00000| PB 0x0000000083f00000| Untracked 
|  64|0x0000000084000000, 0x0000000084100000, 0x0000000084100000|100%| O|  |TAMS 0x0000000084000000| PB 0x0000000084000000| Untracked 
|  65|0x0000000084100000, 0x0000000084200000, 0x0000000084200000|100%| O|  |TAMS 0x0000000084100000| PB 0x0000000084100000| Untracked 
|  66|0x0000000084200000, 0x0000000084300000, 0x0000000084300000|100%|HS|  |TAMS 0x0000000084200000| PB 0x0000000084200000| Complete 
|  67|0x0000000084300000, 0x0000000084400000, 0x0000000084400000|100%|HC|  |TAMS 0x0000000084300000| PB 0x0000000084300000| Complete 
|  68|0x0000000084400000, 0x0000000084500000, 0x0000000084500000|100%|HC|  |TAMS 0x0000000084400000| PB 0x0000000084400000| Complete 
|  69|0x0000000084500000, 0x0000000084600000, 0x0000000084600000|100%|HC|  |TAMS 0x0000000084500000| PB 0x0000000084500000| Complete 
|  70|0x0000000084600000, 0x0000000084700000, 0x0000000084700000|100%| O|  |TAMS 0x0000000084600000| PB 0x0000000084600000| Untracked 
|  71|0x0000000084700000, 0x0000000084800000, 0x0000000084800000|100%| O|  |TAMS 0x0000000084700000| PB 0x0000000084700000| Untracked 
|  72|0x0000000084800000, 0x0000000084900000, 0x0000000084900000|100%| O|  |TAMS 0x0000000084800000| PB 0x0000000084800000| Untracked 
|  73|0x0000000084900000, 0x0000000084a00000, 0x0000000084a00000|100%| O|  |TAMS 0x0000000084900000| PB 0x0000000084900000| Untracked 
|  74|0x0000000084a00000, 0x0000000084b00000, 0x0000000084b00000|100%| O|  |TAMS 0x0000000084a00000| PB 0x0000000084a00000| Untracked 
|  75|0x0000000084b00000, 0x0000000084c00000, 0x0000000084c00000|100%| O|  |TAMS 0x0000000084b00000| PB 0x0000000084b00000| Untracked 
|  76|0x0000000084c00000, 0x0000000084d00000, 0x0000000084d00000|100%| O|  |TAMS 0x0000000084c00000| PB 0x0000000084c00000| Untracked 
|  77|0x0000000084d00000, 0x0000000084e00000, 0x0000000084e00000|100%|HS|  |TAMS 0x0000000084d00000| PB 0x0000000084d00000| Complete 
|  78|0x0000000084e00000, 0x0000000084f00000, 0x0000000084f00000|100%|HC|  |TAMS 0x0000000084e00000| PB 0x0000000084e00000| Complete 
|  79|0x0000000084f00000, 0x0000000085000000, 0x0000000085000000|100%|HC|  |TAMS 0x0000000084f00000| PB 0x0000000084f00000| Complete 
|  80|0x0000000085000000, 0x0000000085100000, 0x0000000085100000|100%|HC|  |TAMS 0x0000000085000000| PB 0x0000000085000000| Complete 
|  81|0x0000000085100000, 0x0000000085200000, 0x0000000085200000|100%|HC|  |TAMS 0x0000000085100000| PB 0x0000000085100000| Complete 
|  82|0x0000000085200000, 0x0000000085300000, 0x0000000085300000|100%|HC|  |TAMS 0x0000000085200000| PB 0x0000000085200000| Complete 
|  83|0x0000000085300000, 0x0000000085400000, 0x0000000085400000|100%| O|  |TAMS 0x0000000085300000| PB 0x0000000085300000| Untracked 
|  84|0x0000000085400000, 0x0000000085500000, 0x0000000085500000|100%| O|  |TAMS 0x0000000085400000| PB 0x0000000085400000| Untracked 
|  85|0x0000000085500000, 0x0000000085600000, 0x0000000085600000|100%| O|  |TAMS 0x0000000085500000| PB 0x0000000085500000| Untracked 
|  86|0x0000000085600000, 0x0000000085700000, 0x0000000085700000|100%| O|  |TAMS 0x0000000085600000| PB 0x0000000085600000| Untracked 
|  87|0x0000000085700000, 0x0000000085800000, 0x0000000085800000|100%| O|  |TAMS 0x0000000085700000| PB 0x0000000085700000| Untracked 
|  88|0x0000000085800000, 0x0000000085900000, 0x0000000085900000|100%| O|  |TAMS 0x0000000085800000| PB 0x0000000085800000| Untracked 
|  89|0x0000000085900000, 0x0000000085a00000, 0x0000000085a00000|100%| O|  |TAMS 0x0000000085900000| PB 0x0000000085900000| Untracked 
|  90|0x0000000085a00000, 0x0000000085b00000, 0x0000000085b00000|100%|HS|  |TAMS 0x0000000085a00000| PB 0x0000000085a00000| Complete 
|  91|0x0000000085b00000, 0x0000000085c00000, 0x0000000085c00000|100%|HC|  |TAMS 0x0000000085b00000| PB 0x0000000085b00000| Complete 
|  92|0x0000000085c00000, 0x0000000085d00000, 0x0000000085d00000|100%|HC|  |TAMS 0x0000000085c00000| PB 0x0000000085c00000| Complete 
|  93|0x0000000085d00000, 0x0000000085e00000, 0x0000000085e00000|100%|HC|  |TAMS 0x0000000085d00000| PB 0x0000000085d00000| Complete 
|  94|0x0000000085e00000, 0x0000000085f00000, 0x0000000085f00000|100%|HC|  |TAMS 0x0000000085e00000| PB 0x0000000085e00000| Complete 
|  95|0x0000000085f00000, 0x0000000086000000, 0x0000000086000000|100%|HC|  |TAMS 0x0000000085f00000| PB 0x0000000085f00000| Complete 
|  96|0x0000000086000000, 0x0000000086100000, 0x0000000086100000|100%|HS|  |TAMS 0x0000000086000000| PB 0x0000000086000000| Complete 
|  97|0x0000000086100000, 0x0000000086200000, 0x0000000086200000|100%| O|  |TAMS 0x0000000086100000| PB 0x0000000086100000| Untracked 
|  98|0x0000000086200000, 0x0000000086300000, 0x0000000086300000|100%| O|  |TAMS 0x0000000086200000| PB 0x0000000086200000| Untracked 
|  99|0x0000000086300000, 0x0000000086400000, 0x0000000086400000|100%| O|  |TAMS 0x0000000086300000| PB 0x0000000086300000| Untracked 
| 100|0x0000000086400000, 0x0000000086500000, 0x0000000086500000|100%| O|  |TAMS 0x0000000086400000| PB 0x0000000086400000| Untracked 
| 101|0x0000000086500000, 0x0000000086600000, 0x0000000086600000|100%| O|  |TAMS 0x0000000086500000| PB 0x0000000086500000| Untracked 
| 102|0x0000000086600000, 0x0000000086600000, 0x0000000086700000|  0%| F|  |TAMS 0x0000000086600000| PB 0x0000000086600000| Untracked 
| 103|0x0000000086700000, 0x0000000086800000, 0x0000000086800000|100%| O|  |TAMS 0x0000000086700000| PB 0x0000000086700000| Untracked 
| 104|0x0000000086800000, 0x0000000086900000, 0x0000000086900000|100%| O|  |TAMS 0x0000000086800000| PB 0x0000000086800000| Untracked 
| 105|0x0000000086900000, 0x0000000086a00000, 0x0000000086a00000|100%| O|  |TAMS 0x0000000086900000| PB 0x0000000086900000| Untracked 
| 106|0x0000000086a00000, 0x0000000086b00000, 0x0000000086b00000|100%| O|  |TAMS 0x0000000086a00000| PB 0x0000000086a00000| Untracked 
| 107|0x0000000086b00000, 0x0000000086c00000, 0x0000000086c00000|100%| O|  |TAMS 0x0000000086b00000| PB 0x0000000086b00000| Untracked 
| 108|0x0000000086c00000, 0x0000000086d00000, 0x0000000086d00000|100%| O|  |TAMS 0x0000000086c00000| PB 0x0000000086c00000| Untracked 
| 109|0x0000000086d00000, 0x0000000086e00000, 0x0000000086e00000|100%| O|  |TAMS 0x0000000086d00000| PB 0x0000000086d00000| Untracked 
| 110|0x0000000086e00000, 0x0000000086f00000, 0x0000000086f00000|100%| O|  |TAMS 0x0000000086e00000| PB 0x0000000086e00000| Untracked 
| 111|0x0000000086f00000, 0x0000000087000000, 0x0000000087000000|100%| O|  |TAMS 0x0000000086f00000| PB 0x0000000086f00000| Untracked 
| 112|0x0000000087000000, 0x0000000087100000, 0x0000000087100000|100%| O|  |TAMS 0x0000000087000000| PB 0x0000000087000000| Untracked 
| 113|0x0000000087100000, 0x0000000087200000, 0x0000000087200000|100%| O|  |TAMS 0x0000000087100000| PB 0x0000000087100000| Untracked 
| 114|0x0000000087200000, 0x0000000087300000, 0x0000000087300000|100%| O|  |TAMS 0x0000000087200000| PB 0x0000000087200000| Untracked 
| 115|0x0000000087300000, 0x0000000087400000, 0x0000000087400000|100%| O|  |TAMS 0x0000000087300000| PB 0x0000000087300000| Untracked 
| 116|0x0000000087400000, 0x0000000087500000, 0x0000000087500000|100%| O|  |TAMS 0x0000000087400000| PB 0x0000000087400000| Untracked 
| 117|0x0000000087500000, 0x0000000087600000, 0x0000000087600000|100%| O|  |TAMS 0x0000000087500000| PB 0x0000000087500000| Untracked 
| 118|0x0000000087600000, 0x0000000087700000, 0x0000000087700000|100%| O|  |TAMS 0x0000000087600000| PB 0x0000000087600000| Untracked 
| 119|0x0000000087700000, 0x0000000087800000, 0x0000000087800000|100%| O|  |TAMS 0x0000000087700000| PB 0x0000000087700000| Untracked 
| 120|0x0000000087800000, 0x0000000087900000, 0x0000000087900000|100%| O|  |TAMS 0x0000000087800000| PB 0x0000000087800000| Untracked 
| 121|0x0000000087900000, 0x0000000087a00000, 0x0000000087a00000|100%| O|  |TAMS 0x0000000087900000| PB 0x0000000087900000| Untracked 
| 122|0x0000000087a00000, 0x0000000087b00000, 0x0000000087b00000|100%| O|  |TAMS 0x0000000087a00000| PB 0x0000000087a00000| Untracked 
| 123|0x0000000087b00000, 0x0000000087c00000, 0x0000000087c00000|100%| O|  |TAMS 0x0000000087b00000| PB 0x0000000087b00000| Untracked 
| 124|0x0000000087c00000, 0x0000000087d00000, 0x0000000087d00000|100%| O|  |TAMS 0x0000000087c00000| PB 0x0000000087c00000| Untracked 
| 125|0x0000000087d00000, 0x0000000087e00000, 0x0000000087e00000|100%| O|  |TAMS 0x0000000087d00000| PB 0x0000000087d00000| Untracked 
| 126|0x0000000087e00000, 0x0000000087f00000, 0x0000000087f00000|100%| O|  |TAMS 0x0000000087e00000| PB 0x0000000087e00000| Untracked 
| 127|0x0000000087f00000, 0x0000000088000000, 0x0000000088000000|100%| O|  |TAMS 0x0000000087f00000| PB 0x0000000087f00000| Untracked 
| 128|0x0000000088000000, 0x0000000088100000, 0x0000000088100000|100%| O|  |TAMS 0x0000000088000000| PB 0x0000000088000000| Untracked 
| 129|0x0000000088100000, 0x0000000088200000, 0x0000000088200000|100%| O|  |TAMS 0x0000000088100000| PB 0x0000000088100000| Untracked 
| 130|0x0000000088200000, 0x0000000088300000, 0x0000000088300000|100%| O|  |TAMS 0x0000000088200000| PB 0x0000000088200000| Untracked 
| 131|0x0000000088300000, 0x0000000088400000, 0x0000000088400000|100%|HS|  |TAMS 0x0000000088300000| PB 0x0000000088300000| Complete 
| 132|0x0000000088400000, 0x0000000088500000, 0x0000000088500000|100%| O|  |TAMS 0x0000000088400000| PB 0x0000000088400000| Untracked 
| 133|0x0000000088500000, 0x0000000088600000, 0x0000000088600000|100%| O|  |TAMS 0x0000000088500000| PB 0x0000000088500000| Untracked 
| 134|0x0000000088600000, 0x0000000088700000, 0x0000000088700000|100%| O|  |TAMS 0x0000000088600000| PB 0x0000000088600000| Untracked 
| 135|0x0000000088700000, 0x0000000088800000, 0x0000000088800000|100%| O|  |TAMS 0x0000000088700000| PB 0x0000000088700000| Untracked 
| 136|0x0000000088800000, 0x0000000088900000, 0x0000000088900000|100%| O|  |TAMS 0x0000000088800000| PB 0x0000000088800000| Untracked 
| 137|0x0000000088900000, 0x0000000088900000, 0x0000000088a00000|  0%| F|  |TAMS 0x0000000088900000| PB 0x0000000088900000| Untracked 
| 138|0x0000000088a00000, 0x0000000088b00000, 0x0000000088b00000|100%| O|  |TAMS 0x0000000088a00000| PB 0x0000000088a00000| Untracked 
| 139|0x0000000088b00000, 0x0000000088c00000, 0x0000000088c00000|100%| O|  |TAMS 0x0000000088b00000| PB 0x0000000088b00000| Untracked 
| 140|0x0000000088c00000, 0x0000000088d00000, 0x0000000088d00000|100%| O|  |TAMS 0x0000000088c00000| PB 0x0000000088c00000| Untracked 
| 141|0x0000000088d00000, 0x0000000088e00000, 0x0000000088e00000|100%| O|  |TAMS 0x0000000088d00000| PB 0x0000000088d00000| Untracked 
| 142|0x0000000088e00000, 0x0000000088f00000, 0x0000000088f00000|100%| O|  |TAMS 0x0000000088e00000| PB 0x0000000088e00000| Untracked 
| 143|0x0000000088f00000, 0x0000000089000000, 0x0000000089000000|100%| O|  |TAMS 0x0000000088f00000| PB 0x0000000088f00000| Untracked 
| 144|0x0000000089000000, 0x0000000089100000, 0x0000000089100000|100%| O|  |TAMS 0x0000000089000000| PB 0x0000000089000000| Untracked 
| 145|0x0000000089100000, 0x0000000089200000, 0x0000000089200000|100%| O|  |TAMS 0x0000000089100000| PB 0x0000000089100000| Untracked 
| 146|0x0000000089200000, 0x0000000089300000, 0x0000000089300000|100%| O|  |TAMS 0x0000000089200000| PB 0x0000000089200000| Untracked 
| 147|0x0000000089300000, 0x0000000089400000, 0x0000000089400000|100%| O|  |TAMS 0x0000000089300000| PB 0x0000000089300000| Untracked 
| 148|0x0000000089400000, 0x0000000089500000, 0x0000000089500000|100%| O|  |TAMS 0x0000000089400000| PB 0x0000000089400000| Untracked 
| 149|0x0000000089500000, 0x0000000089600000, 0x0000000089600000|100%| O|  |TAMS 0x0000000089500000| PB 0x0000000089500000| Untracked 
| 150|0x0000000089600000, 0x0000000089700000, 0x0000000089700000|100%| O|  |TAMS 0x0000000089600000| PB 0x0000000089600000| Untracked 
| 151|0x0000000089700000, 0x0000000089800000, 0x0000000089800000|100%| O|  |TAMS 0x0000000089700000| PB 0x0000000089700000| Untracked 
| 152|0x0000000089800000, 0x0000000089900000, 0x0000000089900000|100%| O|  |TAMS 0x0000000089800000| PB 0x0000000089800000| Untracked 
| 153|0x0000000089900000, 0x0000000089a00000, 0x0000000089a00000|100%| O|Cm|TAMS 0x0000000089900000| PB 0x0000000089900000| Complete 
| 154|0x0000000089a00000, 0x0000000089b00000, 0x0000000089b00000|100%|HS|  |TAMS 0x0000000089a00000| PB 0x0000000089a00000| Complete 
| 155|0x0000000089b00000, 0x0000000089c00000, 0x0000000089c00000|100%|HC|  |TAMS 0x0000000089b00000| PB 0x0000000089b00000| Complete 
| 156|0x0000000089c00000, 0x0000000089d00000, 0x0000000089d00000|100%|HS|  |TAMS 0x0000000089c00000| PB 0x0000000089c00000| Complete 
| 157|0x0000000089d00000, 0x0000000089e00000, 0x0000000089e00000|100%|HS|  |TAMS 0x0000000089d00000| PB 0x0000000089d00000| Complete 
| 158|0x0000000089e00000, 0x0000000089f00000, 0x0000000089f00000|100%| O|  |TAMS 0x0000000089e00000| PB 0x0000000089e00000| Untracked 
| 159|0x0000000089f00000, 0x000000008a000000, 0x000000008a000000|100%| O|  |TAMS 0x0000000089f00000| PB 0x0000000089f00000| Untracked 
| 160|0x000000008a000000, 0x000000008a100000, 0x000000008a100000|100%| O|  |TAMS 0x000000008a000000| PB 0x000000008a000000| Untracked 
| 161|0x000000008a100000, 0x000000008a200000, 0x000000008a200000|100%| O|  |TAMS 0x000000008a100000| PB 0x000000008a100000| Untracked 
| 162|0x000000008a200000, 0x000000008a300000, 0x000000008a300000|100%| O|  |TAMS 0x000000008a200000| PB 0x000000008a200000| Untracked 
| 163|0x000000008a300000, 0x000000008a400000, 0x000000008a400000|100%| O|  |TAMS 0x000000008a300000| PB 0x000000008a300000| Untracked 
| 164|0x000000008a400000, 0x000000008a500000, 0x000000008a500000|100%| O|  |TAMS 0x000000008a400000| PB 0x000000008a400000| Untracked 
| 165|0x000000008a500000, 0x000000008a600000, 0x000000008a600000|100%| O|  |TAMS 0x000000008a500000| PB 0x000000008a500000| Untracked 
| 166|0x000000008a600000, 0x000000008a700000, 0x000000008a700000|100%| O|  |TAMS 0x000000008a600000| PB 0x000000008a600000| Untracked 
| 167|0x000000008a700000, 0x000000008a800000, 0x000000008a800000|100%| O|  |TAMS 0x000000008a700000| PB 0x000000008a700000| Untracked 
| 168|0x000000008a800000, 0x000000008a900000, 0x000000008a900000|100%|HS|  |TAMS 0x000000008a800000| PB 0x000000008a800000| Complete 
| 169|0x000000008a900000, 0x000000008aa00000, 0x000000008aa00000|100%|HS|  |TAMS 0x000000008a900000| PB 0x000000008a900000| Complete 
| 170|0x000000008aa00000, 0x000000008ab00000, 0x000000008ab00000|100%|HC|  |TAMS 0x000000008aa00000| PB 0x000000008aa00000| Complete 
| 171|0x000000008ab00000, 0x000000008ac00000, 0x000000008ac00000|100%|HS|  |TAMS 0x000000008ab00000| PB 0x000000008ab00000| Complete 
| 172|0x000000008ac00000, 0x000000008ad00000, 0x000000008ad00000|100%|HC|  |TAMS 0x000000008ac00000| PB 0x000000008ac00000| Complete 
| 173|0x000000008ad00000, 0x000000008ae00000, 0x000000008ae00000|100%|HC|  |TAMS 0x000000008ad00000| PB 0x000000008ad00000| Complete 
| 174|0x000000008ae00000, 0x000000008af00000, 0x000000008af00000|100%|HS|  |TAMS 0x000000008ae00000| PB 0x000000008ae00000| Complete 
| 175|0x000000008af00000, 0x000000008b000000, 0x000000008b000000|100%|HS|  |TAMS 0x000000008af00000| PB 0x000000008af00000| Complete 
| 176|0x000000008b000000, 0x000000008b100000, 0x000000008b100000|100%| O|  |TAMS 0x000000008b000000| PB 0x000000008b000000| Untracked 
| 177|0x000000008b100000, 0x000000008b200000, 0x000000008b200000|100%| O|  |TAMS 0x000000008b100000| PB 0x000000008b100000| Untracked 
| 178|0x000000008b200000, 0x000000008b200000, 0x000000008b300000|  0%| F|  |TAMS 0x000000008b200000| PB 0x000000008b200000| Untracked 
| 179|0x000000008b300000, 0x000000008b400000, 0x000000008b400000|100%| O|  |TAMS 0x000000008b300000| PB 0x000000008b300000| Untracked 
| 180|0x000000008b400000, 0x000000008b500000, 0x000000008b500000|100%| O|  |TAMS 0x000000008b400000| PB 0x000000008b400000| Untracked 
| 181|0x000000008b500000, 0x000000008b600000, 0x000000008b600000|100%| O|  |TAMS 0x000000008b500000| PB 0x000000008b500000| Untracked 
| 182|0x000000008b600000, 0x000000008b700000, 0x000000008b700000|100%| O|Cm|TAMS 0x000000008b600000| PB 0x000000008b600000| Complete 
| 183|0x000000008b700000, 0x000000008b800000, 0x000000008b800000|100%| O|  |TAMS 0x000000008b700000| PB 0x000000008b700000| Untracked 
| 184|0x000000008b800000, 0x000000008b900000, 0x000000008b900000|100%| O|  |TAMS 0x000000008b800000| PB 0x000000008b800000| Untracked 
| 185|0x000000008b900000, 0x000000008ba00000, 0x000000008ba00000|100%| O|  |TAMS 0x000000008b900000| PB 0x000000008b900000| Untracked 
| 186|0x000000008ba00000, 0x000000008bb00000, 0x000000008bb00000|100%| O|Cm|TAMS 0x000000008ba00000| PB 0x000000008ba00000| Complete 
| 187|0x000000008bb00000, 0x000000008bc00000, 0x000000008bc00000|100%| O|Cm|TAMS 0x000000008bb00000| PB 0x000000008bb00000| Complete 
| 188|0x000000008bc00000, 0x000000008bc00000, 0x000000008bd00000|  0%| F|  |TAMS 0x000000008bc00000| PB 0x000000008bc00000| Untracked 
| 189|0x000000008bd00000, 0x000000008be00000, 0x000000008be00000|100%| O|Cm|TAMS 0x000000008bd00000| PB 0x000000008bd00000| Complete 
| 190|0x000000008be00000, 0x000000008bf00000, 0x000000008bf00000|100%| O|Cm|TAMS 0x000000008be00000| PB 0x000000008be00000| Complete 
| 191|0x000000008bf00000, 0x000000008bf00000, 0x000000008c000000|  0%| F|  |TAMS 0x000000008bf00000| PB 0x000000008bf00000| Untracked 
| 192|0x000000008c000000, 0x000000008c100000, 0x000000008c100000|100%| O|  |TAMS 0x000000008c000000| PB 0x000000008c000000| Untracked 
| 193|0x000000008c100000, 0x000000008c200000, 0x000000008c200000|100%| O|  |TAMS 0x000000008c100000| PB 0x000000008c100000| Untracked 
| 194|0x000000008c200000, 0x000000008c300000, 0x000000008c300000|100%| O|  |TAMS 0x000000008c200000| PB 0x000000008c200000| Untracked 
| 195|0x000000008c300000, 0x000000008c400000, 0x000000008c400000|100%|HS|  |TAMS 0x000000008c300000| PB 0x000000008c300000| Complete 
| 196|0x000000008c400000, 0x000000008c500000, 0x000000008c500000|100%| O|  |TAMS 0x000000008c400000| PB 0x000000008c400000| Untracked 
| 197|0x000000008c500000, 0x000000008c600000, 0x000000008c600000|100%| O|  |TAMS 0x000000008c500000| PB 0x000000008c500000| Untracked 
| 198|0x000000008c600000, 0x000000008c700000, 0x000000008c700000|100%| O|  |TAMS 0x000000008c600000| PB 0x000000008c600000| Untracked 
| 199|0x000000008c700000, 0x000000008c800000, 0x000000008c800000|100%|HS|  |TAMS 0x000000008c700000| PB 0x000000008c700000| Complete 
| 200|0x000000008c800000, 0x000000008c900000, 0x000000008c900000|100%|HC|  |TAMS 0x000000008c800000| PB 0x000000008c800000| Complete 
| 201|0x000000008c900000, 0x000000008ca00000, 0x000000008ca00000|100%|HC|  |TAMS 0x000000008c900000| PB 0x000000008c900000| Complete 
| 202|0x000000008ca00000, 0x000000008cb00000, 0x000000008cb00000|100%| O|  |TAMS 0x000000008ca00000| PB 0x000000008ca00000| Untracked 
| 203|0x000000008cb00000, 0x000000008cc00000, 0x000000008cc00000|100%| O|  |TAMS 0x000000008cb00000| PB 0x000000008cb00000| Untracked 
| 204|0x000000008cc00000, 0x000000008cd00000, 0x000000008cd00000|100%| O|  |TAMS 0x000000008cc00000| PB 0x000000008cc00000| Untracked 
| 205|0x000000008cd00000, 0x000000008ce00000, 0x000000008ce00000|100%| O|  |TAMS 0x000000008cd00000| PB 0x000000008cd00000| Untracked 
| 206|0x000000008ce00000, 0x000000008cf00000, 0x000000008cf00000|100%| O|  |TAMS 0x000000008ce00000| PB 0x000000008ce00000| Untracked 
| 207|0x000000008cf00000, 0x000000008d000000, 0x000000008d000000|100%| O|Cm|TAMS 0x000000008cf00000| PB 0x000000008cf00000| Complete 
| 208|0x000000008d000000, 0x000000008d100000, 0x000000008d100000|100%| O|  |TAMS 0x000000008d000000| PB 0x000000008d000000| Untracked 
| 209|0x000000008d100000, 0x000000008d200000, 0x000000008d200000|100%| O|  |TAMS 0x000000008d100000| PB 0x000000008d100000| Untracked 
| 210|0x000000008d200000, 0x000000008d300000, 0x000000008d300000|100%| O|  |TAMS 0x000000008d200000| PB 0x000000008d200000| Untracked 
| 211|0x000000008d300000, 0x000000008d400000, 0x000000008d400000|100%| O|  |TAMS 0x000000008d300000| PB 0x000000008d300000| Untracked 
| 212|0x000000008d400000, 0x000000008d500000, 0x000000008d500000|100%| O|  |TAMS 0x000000008d400000| PB 0x000000008d400000| Untracked 
| 213|0x000000008d500000, 0x000000008d600000, 0x000000008d600000|100%| O|Cm|TAMS 0x000000008d500000| PB 0x000000008d500000| Complete 
| 214|0x000000008d600000, 0x000000008d600000, 0x000000008d700000|  0%| F|  |TAMS 0x000000008d600000| PB 0x000000008d600000| Untracked 
| 215|0x000000008d700000, 0x000000008d700000, 0x000000008d800000|  0%| F|  |TAMS 0x000000008d700000| PB 0x000000008d700000| Untracked 
| 216|0x000000008d800000, 0x000000008d900000, 0x000000008d900000|100%| O|Cm|TAMS 0x000000008d800000| PB 0x000000008d800000| Complete 
| 217|0x000000008d900000, 0x000000008da00000, 0x000000008da00000|100%| O|Cm|TAMS 0x000000008d900000| PB 0x000000008d900000| Complete 
| 218|0x000000008da00000, 0x000000008db00000, 0x000000008db00000|100%| O|Cm|TAMS 0x000000008da00000| PB 0x000000008da00000| Complete 
| 219|0x000000008db00000, 0x000000008dc00000, 0x000000008dc00000|100%| O|Cm|TAMS 0x000000008db00000| PB 0x000000008db00000| Complete 
| 220|0x000000008dc00000, 0x000000008dd00000, 0x000000008dd00000|100%| O|  |TAMS 0x000000008dc00000| PB 0x000000008dc00000| Untracked 
| 221|0x000000008dd00000, 0x000000008de00000, 0x000000008de00000|100%| O|  |TAMS 0x000000008dd00000| PB 0x000000008dd00000| Untracked 
| 222|0x000000008de00000, 0x000000008df00000, 0x000000008df00000|100%| O|  |TAMS 0x000000008de00000| PB 0x000000008de00000| Untracked 
| 223|0x000000008df00000, 0x000000008e000000, 0x000000008e000000|100%| O|Cm|TAMS 0x000000008df00000| PB 0x000000008df00000| Complete 
| 224|0x000000008e000000, 0x000000008e100000, 0x000000008e100000|100%| O|Cm|TAMS 0x000000008e000000| PB 0x000000008e000000| Complete 
| 225|0x000000008e100000, 0x000000008e200000, 0x000000008e200000|100%| O|  |TAMS 0x000000008e100000| PB 0x000000008e100000| Untracked 
| 226|0x000000008e200000, 0x000000008e200000, 0x000000008e300000|  0%| F|  |TAMS 0x000000008e200000| PB 0x000000008e200000| Untracked 
| 227|0x000000008e300000, 0x000000008e400000, 0x000000008e400000|100%| O|Cm|TAMS 0x000000008e300000| PB 0x000000008e300000| Complete 
| 228|0x000000008e400000, 0x000000008e500000, 0x000000008e500000|100%| O|Cm|TAMS 0x000000008e400000| PB 0x000000008e400000| Complete 
| 229|0x000000008e500000, 0x000000008e600000, 0x000000008e600000|100%| O|Cm|TAMS 0x000000008e500000| PB 0x000000008e500000| Complete 
| 230|0x000000008e600000, 0x000000008e700000, 0x000000008e700000|100%| O|Cm|TAMS 0x000000008e600000| PB 0x000000008e600000| Complete 
| 231|0x000000008e700000, 0x000000008e800000, 0x000000008e800000|100%| O|Cm|TAMS 0x000000008e700000| PB 0x000000008e700000| Complete 
| 232|0x000000008e800000, 0x000000008e900000, 0x000000008e900000|100%| O|Cm|TAMS 0x000000008e800000| PB 0x000000008e800000| Complete 
| 233|0x000000008e900000, 0x000000008ea00000, 0x000000008ea00000|100%| O|  |TAMS 0x000000008e900000| PB 0x000000008e900000| Untracked 
| 234|0x000000008ea00000, 0x000000008eb00000, 0x000000008eb00000|100%| O|  |TAMS 0x000000008ea00000| PB 0x000000008ea00000| Untracked 
| 235|0x000000008eb00000, 0x000000008ec00000, 0x000000008ec00000|100%| O|  |TAMS 0x000000008eb00000| PB 0x000000008eb00000| Untracked 
| 236|0x000000008ec00000, 0x000000008ed00000, 0x000000008ed00000|100%| O|  |TAMS 0x000000008ec00000| PB 0x000000008ec00000| Untracked 
| 237|0x000000008ed00000, 0x000000008ee00000, 0x000000008ee00000|100%| O|  |TAMS 0x000000008ed00000| PB 0x000000008ed00000| Untracked 
| 238|0x000000008ee00000, 0x000000008ef00000, 0x000000008ef00000|100%|HS|  |TAMS 0x000000008ee00000| PB 0x000000008ee00000| Complete 
| 239|0x000000008ef00000, 0x000000008f000000, 0x000000008f000000|100%|HC|  |TAMS 0x000000008ef00000| PB 0x000000008ef00000| Complete 
| 240|0x000000008f000000, 0x000000008f100000, 0x000000008f100000|100%| O|  |TAMS 0x000000008f000000| PB 0x000000008f000000| Untracked 
| 241|0x000000008f100000, 0x000000008f200000, 0x000000008f200000|100%| O|  |TAMS 0x000000008f100000| PB 0x000000008f100000| Untracked 
| 242|0x000000008f200000, 0x000000008f226300, 0x000000008f300000| 14%| O|  |TAMS 0x000000008f200000| PB 0x000000008f200000| Untracked 
| 243|0x000000008f300000, 0x000000008f300000, 0x000000008f400000|  0%| F|  |TAMS 0x000000008f300000| PB 0x000000008f300000| Untracked 
| 244|0x000000008f400000, 0x000000008f400000, 0x000000008f500000|  0%| F|  |TAMS 0x000000008f400000| PB 0x000000008f400000| Untracked 
| 245|0x000000008f500000, 0x000000008f500000, 0x000000008f600000|  0%| F|  |TAMS 0x000000008f500000| PB 0x000000008f500000| Untracked 
| 246|0x000000008f600000, 0x000000008f600000, 0x000000008f700000|  0%| F|  |TAMS 0x000000008f600000| PB 0x000000008f600000| Untracked 
| 247|0x000000008f700000, 0x000000008f700000, 0x000000008f800000|  0%| F|  |TAMS 0x000000008f700000| PB 0x000000008f700000| Untracked 
| 248|0x000000008f800000, 0x000000008f800000, 0x000000008f900000|  0%| F|  |TAMS 0x000000008f800000| PB 0x000000008f800000| Untracked 
| 249|0x000000008f900000, 0x000000008f900000, 0x000000008fa00000|  0%| F|  |TAMS 0x000000008f900000| PB 0x000000008f900000| Untracked 
| 250|0x000000008fa00000, 0x000000008fa00000, 0x000000008fb00000|  0%| F|  |TAMS 0x000000008fa00000| PB 0x000000008fa00000| Untracked 
| 251|0x000000008fb00000, 0x000000008fb00000, 0x000000008fc00000|  0%| F|  |TAMS 0x000000008fb00000| PB 0x000000008fb00000| Untracked 
| 252|0x000000008fc00000, 0x000000008fc00000, 0x000000008fd00000|  0%| F|  |TAMS 0x000000008fc00000| PB 0x000000008fc00000| Untracked 
| 253|0x000000008fd00000, 0x000000008fd00000, 0x000000008fe00000|  0%| F|  |TAMS 0x000000008fd00000| PB 0x000000008fd00000| Untracked 
| 254|0x000000008fe00000, 0x000000008fe00000, 0x000000008ff00000|  0%| F|  |TAMS 0x000000008fe00000| PB 0x000000008fe00000| Untracked 
| 255|0x000000008ff00000, 0x000000008ff00000, 0x0000000090000000|  0%| F|  |TAMS 0x000000008ff00000| PB 0x000000008ff00000| Untracked 
| 256|0x0000000090000000, 0x0000000090000000, 0x0000000090100000|  0%| F|  |TAMS 0x0000000090000000| PB 0x0000000090000000| Untracked 
| 257|0x0000000090100000, 0x0000000090100000, 0x0000000090200000|  0%| F|  |TAMS 0x0000000090100000| PB 0x0000000090100000| Untracked 
| 258|0x0000000090200000, 0x0000000090200000, 0x0000000090300000|  0%| F|  |TAMS 0x0000000090200000| PB 0x0000000090200000| Untracked 
| 259|0x0000000090300000, 0x0000000090300000, 0x0000000090400000|  0%| F|  |TAMS 0x0000000090300000| PB 0x0000000090300000| Untracked 
| 260|0x0000000090400000, 0x0000000090500000, 0x0000000090500000|100%| S|CS|TAMS 0x0000000090400000| PB 0x0000000090400000| Complete 
| 261|0x0000000090500000, 0x0000000090600000, 0x0000000090600000|100%| S|CS|TAMS 0x0000000090500000| PB 0x0000000090500000| Complete 
| 262|0x0000000090600000, 0x0000000090700000, 0x0000000090700000|100%| S|CS|TAMS 0x0000000090600000| PB 0x0000000090600000| Complete 
| 263|0x0000000090700000, 0x0000000090800000, 0x0000000090800000|100%| S|CS|TAMS 0x0000000090700000| PB 0x0000000090700000| Complete 
| 264|0x0000000090800000, 0x0000000090900000, 0x0000000090900000|100%| S|CS|TAMS 0x0000000090800000| PB 0x0000000090800000| Complete 
| 265|0x0000000090900000, 0x0000000090a00000, 0x0000000090a00000|100%| S|CS|TAMS 0x0000000090900000| PB 0x0000000090900000| Complete 
| 266|0x0000000090a00000, 0x0000000090b00000, 0x0000000090b00000|100%| S|CS|TAMS 0x0000000090a00000| PB 0x0000000090a00000| Complete 
| 267|0x0000000090b00000, 0x0000000090c00000, 0x0000000090c00000|100%| S|CS|TAMS 0x0000000090b00000| PB 0x0000000090b00000| Complete 
| 268|0x0000000090c00000, 0x0000000090d00000, 0x0000000090d00000|100%| S|CS|TAMS 0x0000000090c00000| PB 0x0000000090c00000| Complete 
| 269|0x0000000090d00000, 0x0000000090d00000, 0x0000000090e00000|  0%| F|  |TAMS 0x0000000090d00000| PB 0x0000000090d00000| Untracked 
| 270|0x0000000090e00000, 0x0000000090e00000, 0x0000000090f00000|  0%| F|  |TAMS 0x0000000090e00000| PB 0x0000000090e00000| Untracked 
| 271|0x0000000090f00000, 0x0000000090f00000, 0x0000000091000000|  0%| F|  |TAMS 0x0000000090f00000| PB 0x0000000090f00000| Untracked 
| 272|0x0000000091000000, 0x0000000091000000, 0x0000000091100000|  0%| F|  |TAMS 0x0000000091000000| PB 0x0000000091000000| Untracked 
| 273|0x0000000091100000, 0x0000000091100000, 0x0000000091200000|  0%| F|  |TAMS 0x0000000091100000| PB 0x0000000091100000| Untracked 
| 274|0x0000000091200000, 0x0000000091300000, 0x0000000091300000|100%| S|CS|TAMS 0x0000000091200000| PB 0x0000000091200000| Complete 
| 275|0x0000000091300000, 0x0000000091300000, 0x0000000091400000|  0%| F|  |TAMS 0x0000000091300000| PB 0x0000000091300000| Untracked 
| 276|0x0000000091400000, 0x0000000091400000, 0x0000000091500000|  0%| F|  |TAMS 0x0000000091400000| PB 0x0000000091400000| Untracked 
| 277|0x0000000091500000, 0x0000000091500000, 0x0000000091600000|  0%| F|  |TAMS 0x0000000091500000| PB 0x0000000091500000| Untracked 
| 278|0x0000000091600000, 0x0000000091600000, 0x0000000091700000|  0%| F|  |TAMS 0x0000000091600000| PB 0x0000000091600000| Untracked 
| 279|0x0000000091700000, 0x0000000091700000, 0x0000000091800000|  0%| F|  |TAMS 0x0000000091700000| PB 0x0000000091700000| Untracked 
| 280|0x0000000091800000, 0x0000000091800000, 0x0000000091900000|  0%| F|  |TAMS 0x0000000091800000| PB 0x0000000091800000| Untracked 
| 281|0x0000000091900000, 0x0000000091900000, 0x0000000091a00000|  0%| F|  |TAMS 0x0000000091900000| PB 0x0000000091900000| Untracked 
| 282|0x0000000091a00000, 0x0000000091a00000, 0x0000000091b00000|  0%| F|  |TAMS 0x0000000091a00000| PB 0x0000000091a00000| Untracked 
| 283|0x0000000091b00000, 0x0000000091b00000, 0x0000000091c00000|  0%| F|  |TAMS 0x0000000091b00000| PB 0x0000000091b00000| Untracked 
| 284|0x0000000091c00000, 0x0000000091c00000, 0x0000000091d00000|  0%| F|  |TAMS 0x0000000091c00000| PB 0x0000000091c00000| Untracked 
| 285|0x0000000091d00000, 0x0000000091d00000, 0x0000000091e00000|  0%| F|  |TAMS 0x0000000091d00000| PB 0x0000000091d00000| Untracked 
| 286|0x0000000091e00000, 0x0000000091e00000, 0x0000000091f00000|  0%| F|  |TAMS 0x0000000091e00000| PB 0x0000000091e00000| Untracked 
| 287|0x0000000091f00000, 0x0000000091f00000, 0x0000000092000000|  0%| F|  |TAMS 0x0000000091f00000| PB 0x0000000091f00000| Untracked 
| 288|0x0000000092000000, 0x0000000092000000, 0x0000000092100000|  0%| F|  |TAMS 0x0000000092000000| PB 0x0000000092000000| Untracked 
| 289|0x0000000092100000, 0x0000000092100000, 0x0000000092200000|  0%| F|  |TAMS 0x0000000092100000| PB 0x0000000092100000| Untracked 
| 290|0x0000000092200000, 0x0000000092200000, 0x0000000092300000|  0%| F|  |TAMS 0x0000000092200000| PB 0x0000000092200000| Untracked 
| 291|0x0000000092300000, 0x0000000092300000, 0x0000000092400000|  0%| F|  |TAMS 0x0000000092300000| PB 0x0000000092300000| Untracked 
| 292|0x0000000092400000, 0x0000000092400000, 0x0000000092500000|  0%| F|  |TAMS 0x0000000092400000| PB 0x0000000092400000| Untracked 
| 293|0x0000000092500000, 0x0000000092500000, 0x0000000092600000|  0%| F|  |TAMS 0x0000000092500000| PB 0x0000000092500000| Untracked 
| 294|0x0000000092600000, 0x0000000092600000, 0x0000000092700000|  0%| F|  |TAMS 0x0000000092600000| PB 0x0000000092600000| Untracked 
| 295|0x0000000092700000, 0x0000000092700000, 0x0000000092800000|  0%| F|  |TAMS 0x0000000092700000| PB 0x0000000092700000| Untracked 
| 296|0x0000000092800000, 0x0000000092800000, 0x0000000092900000|  0%| F|  |TAMS 0x0000000092800000| PB 0x0000000092800000| Untracked 
| 297|0x0000000092900000, 0x0000000092900000, 0x0000000092a00000|  0%| F|  |TAMS 0x0000000092900000| PB 0x0000000092900000| Untracked 
| 298|0x0000000092a00000, 0x0000000092a00000, 0x0000000092b00000|  0%| F|  |TAMS 0x0000000092a00000| PB 0x0000000092a00000| Untracked 
| 299|0x0000000092b00000, 0x0000000092b80000, 0x0000000092c00000| 50%| E|  |TAMS 0x0000000092b00000| PB 0x0000000092b00000| Complete 
| 300|0x0000000092c00000, 0x0000000092d00000, 0x0000000092d00000|100%| E|CS|TAMS 0x0000000092c00000| PB 0x0000000092c00000| Complete 
| 301|0x0000000092d00000, 0x0000000092e00000, 0x0000000092e00000|100%| E|CS|TAMS 0x0000000092d00000| PB 0x0000000092d00000| Complete 
| 302|0x0000000092e00000, 0x0000000092f00000, 0x0000000092f00000|100%| E|CS|TAMS 0x0000000092e00000| PB 0x0000000092e00000| Complete 
| 303|0x0000000092f00000, 0x0000000093000000, 0x0000000093000000|100%| E|CS|TAMS 0x0000000092f00000| PB 0x0000000092f00000| Complete 
| 304|0x0000000093000000, 0x0000000093100000, 0x0000000093100000|100%| E|CS|TAMS 0x0000000093000000| PB 0x0000000093000000| Complete 
| 305|0x0000000093100000, 0x0000000093200000, 0x0000000093200000|100%| E|CS|TAMS 0x0000000093100000| PB 0x0000000093100000| Complete 
| 306|0x0000000093200000, 0x0000000093300000, 0x0000000093300000|100%| E|CS|TAMS 0x0000000093200000| PB 0x0000000093200000| Complete 
| 307|0x0000000093300000, 0x0000000093400000, 0x0000000093400000|100%| E|CS|TAMS 0x0000000093300000| PB 0x0000000093300000| Complete 
| 308|0x0000000093400000, 0x0000000093500000, 0x0000000093500000|100%| E|CS|TAMS 0x0000000093400000| PB 0x0000000093400000| Complete 
| 309|0x0000000093500000, 0x0000000093600000, 0x0000000093600000|100%| E|CS|TAMS 0x0000000093500000| PB 0x0000000093500000| Complete 
| 310|0x0000000093600000, 0x0000000093700000, 0x0000000093700000|100%| E|CS|TAMS 0x0000000093600000| PB 0x0000000093600000| Complete 
| 311|0x0000000093700000, 0x0000000093800000, 0x0000000093800000|100%| E|CS|TAMS 0x0000000093700000| PB 0x0000000093700000| Complete 
| 312|0x0000000093800000, 0x0000000093900000, 0x0000000093900000|100%| E|CS|TAMS 0x0000000093800000| PB 0x0000000093800000| Complete 
| 313|0x0000000093900000, 0x0000000093a00000, 0x0000000093a00000|100%| E|CS|TAMS 0x0000000093900000| PB 0x0000000093900000| Complete 
| 314|0x0000000093a00000, 0x0000000093b00000, 0x0000000093b00000|100%| E|CS|TAMS 0x0000000093a00000| PB 0x0000000093a00000| Complete 
| 315|0x0000000093b00000, 0x0000000093c00000, 0x0000000093c00000|100%| E|CS|TAMS 0x0000000093b00000| PB 0x0000000093b00000| Complete 
| 316|0x0000000093c00000, 0x0000000093d00000, 0x0000000093d00000|100%| E|CS|TAMS 0x0000000093c00000| PB 0x0000000093c00000| Complete 
| 317|0x0000000093d00000, 0x0000000093e00000, 0x0000000093e00000|100%| E|CS|TAMS 0x0000000093d00000| PB 0x0000000093d00000| Complete 
| 318|0x0000000093e00000, 0x0000000093f00000, 0x0000000093f00000|100%| E|CS|TAMS 0x0000000093e00000| PB 0x0000000093e00000| Complete 
| 319|0x0000000093f00000, 0x0000000094000000, 0x0000000094000000|100%| E|CS|TAMS 0x0000000093f00000| PB 0x0000000093f00000| Complete 
| 320|0x0000000094000000, 0x0000000094100000, 0x0000000094100000|100%| E|CS|TAMS 0x0000000094000000| PB 0x0000000094000000| Complete 
| 321|0x0000000094100000, 0x0000000094200000, 0x0000000094200000|100%| E|CS|TAMS 0x0000000094100000| PB 0x0000000094100000| Complete 
| 322|0x0000000094200000, 0x0000000094300000, 0x0000000094300000|100%| E|CS|TAMS 0x0000000094200000| PB 0x0000000094200000| Complete 
| 323|0x0000000094300000, 0x0000000094400000, 0x0000000094400000|100%| E|CS|TAMS 0x0000000094300000| PB 0x0000000094300000| Complete 
| 324|0x0000000094400000, 0x0000000094500000, 0x0000000094500000|100%| E|CS|TAMS 0x0000000094400000| PB 0x0000000094400000| Complete 
| 325|0x0000000094500000, 0x0000000094600000, 0x0000000094600000|100%| E|CS|TAMS 0x0000000094500000| PB 0x0000000094500000| Complete 
| 326|0x0000000094600000, 0x0000000094700000, 0x0000000094700000|100%| E|CS|TAMS 0x0000000094600000| PB 0x0000000094600000| Complete 
| 327|0x0000000094700000, 0x0000000094800000, 0x0000000094800000|100%| E|CS|TAMS 0x0000000094700000| PB 0x0000000094700000| Complete 
| 328|0x0000000094800000, 0x0000000094900000, 0x0000000094900000|100%| E|CS|TAMS 0x0000000094800000| PB 0x0000000094800000| Complete 
| 329|0x0000000094900000, 0x0000000094a00000, 0x0000000094a00000|100%| E|CS|TAMS 0x0000000094900000| PB 0x0000000094900000| Complete 
| 330|0x0000000094a00000, 0x0000000094b00000, 0x0000000094b00000|100%| E|CS|TAMS 0x0000000094a00000| PB 0x0000000094a00000| Complete 
| 331|0x0000000094b00000, 0x0000000094c00000, 0x0000000094c00000|100%| E|CS|TAMS 0x0000000094b00000| PB 0x0000000094b00000| Complete 
| 332|0x0000000094c00000, 0x0000000094d00000, 0x0000000094d00000|100%| E|CS|TAMS 0x0000000094c00000| PB 0x0000000094c00000| Complete 
| 333|0x0000000094d00000, 0x0000000094e00000, 0x0000000094e00000|100%| E|CS|TAMS 0x0000000094d00000| PB 0x0000000094d00000| Complete 
| 334|0x0000000094e00000, 0x0000000094f00000, 0x0000000094f00000|100%| E|CS|TAMS 0x0000000094e00000| PB 0x0000000094e00000| Complete 
| 335|0x0000000094f00000, 0x0000000095000000, 0x0000000095000000|100%| E|CS|TAMS 0x0000000094f00000| PB 0x0000000094f00000| Complete 
| 336|0x0000000095000000, 0x0000000095100000, 0x0000000095100000|100%| E|CS|TAMS 0x0000000095000000| PB 0x0000000095000000| Complete 
| 337|0x0000000095100000, 0x0000000095200000, 0x0000000095200000|100%| E|CS|TAMS 0x0000000095100000| PB 0x0000000095100000| Complete 
| 338|0x0000000095200000, 0x0000000095300000, 0x0000000095300000|100%| E|CS|TAMS 0x0000000095200000| PB 0x0000000095200000| Complete 
| 339|0x0000000095300000, 0x0000000095400000, 0x0000000095400000|100%| E|CS|TAMS 0x0000000095300000| PB 0x0000000095300000| Complete 
| 340|0x0000000095400000, 0x0000000095500000, 0x0000000095500000|100%| E|CS|TAMS 0x0000000095400000| PB 0x0000000095400000| Complete 
| 341|0x0000000095500000, 0x0000000095600000, 0x0000000095600000|100%| E|CS|TAMS 0x0000000095500000| PB 0x0000000095500000| Complete 
| 342|0x0000000095600000, 0x0000000095700000, 0x0000000095700000|100%| E|CS|TAMS 0x0000000095600000| PB 0x0000000095600000| Complete 
| 343|0x0000000095700000, 0x0000000095800000, 0x0000000095800000|100%| E|CS|TAMS 0x0000000095700000| PB 0x0000000095700000| Complete 
| 344|0x0000000095800000, 0x0000000095900000, 0x0000000095900000|100%| E|CS|TAMS 0x0000000095800000| PB 0x0000000095800000| Complete 
| 345|0x0000000095900000, 0x0000000095a00000, 0x0000000095a00000|100%| E|CS|TAMS 0x0000000095900000| PB 0x0000000095900000| Complete 
| 346|0x0000000095a00000, 0x0000000095b00000, 0x0000000095b00000|100%| E|CS|TAMS 0x0000000095a00000| PB 0x0000000095a00000| Complete 
| 347|0x0000000095b00000, 0x0000000095c00000, 0x0000000095c00000|100%| E|CS|TAMS 0x0000000095b00000| PB 0x0000000095b00000| Complete 
| 348|0x0000000095c00000, 0x0000000095d00000, 0x0000000095d00000|100%| E|CS|TAMS 0x0000000095c00000| PB 0x0000000095c00000| Complete 
| 349|0x0000000095d00000, 0x0000000095e00000, 0x0000000095e00000|100%| E|CS|TAMS 0x0000000095d00000| PB 0x0000000095d00000| Complete 
| 350|0x0000000095e00000, 0x0000000095f00000, 0x0000000095f00000|100%| E|CS|TAMS 0x0000000095e00000| PB 0x0000000095e00000| Complete 
| 351|0x0000000095f00000, 0x0000000096000000, 0x0000000096000000|100%| E|CS|TAMS 0x0000000095f00000| PB 0x0000000095f00000| Complete 
| 352|0x0000000096000000, 0x0000000096100000, 0x0000000096100000|100%| E|CS|TAMS 0x0000000096000000| PB 0x0000000096000000| Complete 
| 353|0x0000000096100000, 0x0000000096200000, 0x0000000096200000|100%| E|CS|TAMS 0x0000000096100000| PB 0x0000000096100000| Complete 
| 354|0x0000000096200000, 0x0000000096300000, 0x0000000096300000|100%| E|CS|TAMS 0x0000000096200000| PB 0x0000000096200000| Complete 
| 355|0x0000000096300000, 0x0000000096400000, 0x0000000096400000|100%| E|CS|TAMS 0x0000000096300000| PB 0x0000000096300000| Complete 
| 356|0x0000000096400000, 0x0000000096500000, 0x0000000096500000|100%| E|CS|TAMS 0x0000000096400000| PB 0x0000000096400000| Complete 
| 357|0x0000000096500000, 0x0000000096600000, 0x0000000096600000|100%| E|CS|TAMS 0x0000000096500000| PB 0x0000000096500000| Complete 
| 358|0x0000000096600000, 0x0000000096700000, 0x0000000096700000|100%| E|CS|TAMS 0x0000000096600000| PB 0x0000000096600000| Complete 
| 359|0x0000000096700000, 0x0000000096800000, 0x0000000096800000|100%| E|CS|TAMS 0x0000000096700000| PB 0x0000000096700000| Complete 
| 360|0x0000000096800000, 0x0000000096900000, 0x0000000096900000|100%| E|CS|TAMS 0x0000000096800000| PB 0x0000000096800000| Complete 
| 361|0x0000000096900000, 0x0000000096a00000, 0x0000000096a00000|100%| E|CS|TAMS 0x0000000096900000| PB 0x0000000096900000| Complete 
| 362|0x0000000096a00000, 0x0000000096b00000, 0x0000000096b00000|100%| E|CS|TAMS 0x0000000096a00000| PB 0x0000000096a00000| Complete 
| 363|0x0000000096b00000, 0x0000000096c00000, 0x0000000096c00000|100%| E|CS|TAMS 0x0000000096b00000| PB 0x0000000096b00000| Complete 
| 364|0x0000000096c00000, 0x0000000096d00000, 0x0000000096d00000|100%| E|CS|TAMS 0x0000000096c00000| PB 0x0000000096c00000| Complete 
| 365|0x0000000096d00000, 0x0000000096e00000, 0x0000000096e00000|100%| E|CS|TAMS 0x0000000096d00000| PB 0x0000000096d00000| Complete 
| 366|0x0000000096e00000, 0x0000000096f00000, 0x0000000096f00000|100%| E|CS|TAMS 0x0000000096e00000| PB 0x0000000096e00000| Complete 
| 367|0x0000000096f00000, 0x0000000097000000, 0x0000000097000000|100%| E|CS|TAMS 0x0000000096f00000| PB 0x0000000096f00000| Complete 
| 368|0x0000000097000000, 0x0000000097100000, 0x0000000097100000|100%| E|CS|TAMS 0x0000000097000000| PB 0x0000000097000000| Complete 
| 369|0x0000000097100000, 0x0000000097200000, 0x0000000097200000|100%| E|CS|TAMS 0x0000000097100000| PB 0x0000000097100000| Complete 
| 370|0x0000000097200000, 0x0000000097300000, 0x0000000097300000|100%| E|CS|TAMS 0x0000000097200000| PB 0x0000000097200000| Complete 
| 371|0x0000000097300000, 0x0000000097400000, 0x0000000097400000|100%| E|CS|TAMS 0x0000000097300000| PB 0x0000000097300000| Complete 
| 372|0x0000000097400000, 0x0000000097500000, 0x0000000097500000|100%| E|CS|TAMS 0x0000000097400000| PB 0x0000000097400000| Complete 
| 373|0x0000000097500000, 0x0000000097600000, 0x0000000097600000|100%| E|CS|TAMS 0x0000000097500000| PB 0x0000000097500000| Complete 
| 374|0x0000000097600000, 0x0000000097700000, 0x0000000097700000|100%| E|CS|TAMS 0x0000000097600000| PB 0x0000000097600000| Complete 
| 375|0x0000000097700000, 0x0000000097800000, 0x0000000097800000|100%| E|CS|TAMS 0x0000000097700000| PB 0x0000000097700000| Complete 
| 376|0x0000000097800000, 0x0000000097900000, 0x0000000097900000|100%| E|CS|TAMS 0x0000000097800000| PB 0x0000000097800000| Complete 
| 377|0x0000000097900000, 0x0000000097a00000, 0x0000000097a00000|100%| E|CS|TAMS 0x0000000097900000| PB 0x0000000097900000| Complete 
| 378|0x0000000097a00000, 0x0000000097b00000, 0x0000000097b00000|100%| E|CS|TAMS 0x0000000097a00000| PB 0x0000000097a00000| Complete 
| 379|0x0000000097b00000, 0x0000000097c00000, 0x0000000097c00000|100%| E|CS|TAMS 0x0000000097b00000| PB 0x0000000097b00000| Complete 
| 380|0x0000000097c00000, 0x0000000097d00000, 0x0000000097d00000|100%| E|CS|TAMS 0x0000000097c00000| PB 0x0000000097c00000| Complete 
| 381|0x0000000097d00000, 0x0000000097e00000, 0x0000000097e00000|100%| E|CS|TAMS 0x0000000097d00000| PB 0x0000000097d00000| Complete 
| 382|0x0000000097e00000, 0x0000000097f00000, 0x0000000097f00000|100%| E|CS|TAMS 0x0000000097e00000| PB 0x0000000097e00000| Complete 
| 383|0x0000000097f00000, 0x0000000098000000, 0x0000000098000000|100%| E|CS|TAMS 0x0000000097f00000| PB 0x0000000097f00000| Complete 
| 384|0x0000000098000000, 0x0000000098100000, 0x0000000098100000|100%| E|CS|TAMS 0x0000000098000000| PB 0x0000000098000000| Complete 
| 385|0x0000000098100000, 0x0000000098200000, 0x0000000098200000|100%| E|CS|TAMS 0x0000000098100000| PB 0x0000000098100000| Complete 
| 386|0x0000000098200000, 0x0000000098300000, 0x0000000098300000|100%| E|CS|TAMS 0x0000000098200000| PB 0x0000000098200000| Complete 
| 387|0x0000000098300000, 0x0000000098400000, 0x0000000098400000|100%| E|CS|TAMS 0x0000000098300000| PB 0x0000000098300000| Complete 
| 388|0x0000000098400000, 0x0000000098500000, 0x0000000098500000|100%| E|CS|TAMS 0x0000000098400000| PB 0x0000000098400000| Complete 
| 389|0x0000000098500000, 0x0000000098600000, 0x0000000098600000|100%| E|CS|TAMS 0x0000000098500000| PB 0x0000000098500000| Complete 
| 390|0x0000000098600000, 0x0000000098700000, 0x0000000098700000|100%| E|CS|TAMS 0x0000000098600000| PB 0x0000000098600000| Complete 
| 391|0x0000000098700000, 0x0000000098800000, 0x0000000098800000|100%| E|CS|TAMS 0x0000000098700000| PB 0x0000000098700000| Complete 
| 392|0x0000000098800000, 0x0000000098900000, 0x0000000098900000|100%| E|CS|TAMS 0x0000000098800000| PB 0x0000000098800000| Complete 
| 393|0x0000000098900000, 0x0000000098a00000, 0x0000000098a00000|100%| E|CS|TAMS 0x0000000098900000| PB 0x0000000098900000| Complete 
| 394|0x0000000098a00000, 0x0000000098b00000, 0x0000000098b00000|100%| E|CS|TAMS 0x0000000098a00000| PB 0x0000000098a00000| Complete 
| 395|0x0000000098b00000, 0x0000000098c00000, 0x0000000098c00000|100%| E|CS|TAMS 0x0000000098b00000| PB 0x0000000098b00000| Complete 
| 396|0x0000000098c00000, 0x0000000098d00000, 0x0000000098d00000|100%| E|CS|TAMS 0x0000000098c00000| PB 0x0000000098c00000| Complete 
| 397|0x0000000098d00000, 0x0000000098e00000, 0x0000000098e00000|100%| E|CS|TAMS 0x0000000098d00000| PB 0x0000000098d00000| Complete 
| 398|0x0000000098e00000, 0x0000000098f00000, 0x0000000098f00000|100%| E|CS|TAMS 0x0000000098e00000| PB 0x0000000098e00000| Complete 
| 399|0x0000000098f00000, 0x0000000099000000, 0x0000000099000000|100%| E|CS|TAMS 0x0000000098f00000| PB 0x0000000098f00000| Complete 
| 400|0x0000000099000000, 0x0000000099100000, 0x0000000099100000|100%| E|CS|TAMS 0x0000000099000000| PB 0x0000000099000000| Complete 
| 401|0x0000000099100000, 0x0000000099200000, 0x0000000099200000|100%| E|CS|TAMS 0x0000000099100000| PB 0x0000000099100000| Complete 
| 402|0x0000000099200000, 0x0000000099300000, 0x0000000099300000|100%| E|CS|TAMS 0x0000000099200000| PB 0x0000000099200000| Complete 
|2032|0x00000000ff000000, 0x00000000ff100000, 0x00000000ff100000|100%| O|  |TAMS 0x00000000ff000000| PB 0x00000000ff000000| Untracked 
|2033|0x00000000ff100000, 0x00000000ff200000, 0x00000000ff200000|100%| E|CS|TAMS 0x00000000ff100000| PB 0x00000000ff100000| Complete 
|2034|0x00000000ff200000, 0x00000000ff300000, 0x00000000ff300000|100%| E|CS|TAMS 0x00000000ff200000| PB 0x00000000ff200000| Complete 
|2035|0x00000000ff300000, 0x00000000ff400000, 0x00000000ff400000|100%| E|CS|TAMS 0x00000000ff300000| PB 0x00000000ff300000| Complete 
|2036|0x00000000ff400000, 0x00000000ff500000, 0x00000000ff500000|100%| O|  |TAMS 0x00000000ff400000| PB 0x00000000ff400000| Untracked 
|2037|0x00000000ff500000, 0x00000000ff600000, 0x00000000ff600000|100%| E|CS|TAMS 0x00000000ff500000| PB 0x00000000ff500000| Complete 
|2038|0x00000000ff600000, 0x00000000ff700000, 0x00000000ff700000|100%| E|CS|TAMS 0x00000000ff600000| PB 0x00000000ff600000| Complete 
|2039|0x00000000ff700000, 0x00000000ff800000, 0x00000000ff800000|100%| E|CS|TAMS 0x00000000ff700000| PB 0x00000000ff700000| Complete 
|2040|0x00000000ff800000, 0x00000000ff900000, 0x00000000ff900000|100%| E|CS|TAMS 0x00000000ff800000| PB 0x00000000ff800000| Complete 
|2041|0x00000000ff900000, 0x00000000ffa00000, 0x00000000ffa00000|100%| E|CS|TAMS 0x00000000ff900000| PB 0x00000000ff900000| Complete 
|2042|0x00000000ffa00000, 0x00000000ffb00000, 0x00000000ffb00000|100%| O|  |TAMS 0x00000000ffa00000| PB 0x00000000ffa00000| Untracked 
|2043|0x00000000ffb00000, 0x00000000ffc00000, 0x00000000ffc00000|100%| O|  |TAMS 0x00000000ffb00000| PB 0x00000000ffb00000| Untracked 
|2044|0x00000000ffc00000, 0x00000000ffd00000, 0x00000000ffd00000|100%| E|CS|TAMS 0x00000000ffc00000| PB 0x00000000ffc00000| Complete 
|2045|0x00000000ffd00000, 0x00000000ffe00000, 0x00000000ffe00000|100%| E|CS|TAMS 0x00000000ffd00000| PB 0x00000000ffd00000| Complete 
|2046|0x00000000ffe00000, 0x00000000fff00000, 0x00000000fff00000|100%| O|  |TAMS 0x00000000ffe00000| PB 0x00000000ffe00000| Untracked 
|2047|0x00000000fff00000, 0x0000000100000000, 0x0000000100000000|100%| O|  |TAMS 0x00000000fff00000| PB 0x00000000fff00000| Untracked 

Card table byte_map: [0x00000296bf840000,0x00000296bfc40000] _byte_map_base: 0x00000296bf440000

Marking Bits: (CMBitMap*) 0x00000296ad0067e0
 Bits: [0x00000296bfc40000, 0x00000296c1c40000)

Polling page: 0x00000296aaf00000

Metaspace:

Usage:
  Non-class:    168.10 MB used.
      Class:     25.41 MB used.
       Both:    193.52 MB used.

Virtual space:
  Non-class space:      192.00 MB reserved,     169.50 MB ( 88%) committed,  3 nodes.
      Class space:        1.00 GB reserved,      26.69 MB (  3%) committed,  1 nodes.
             Both:        1.19 GB reserved,     196.19 MB ( 16%) committed. 

Chunk freelists:
   Non-Class:  6.22 MB
       Class:  5.19 MB
        Both:  11.41 MB

MaxMetaspaceSize: unlimited
CompressedClassSpaceSize: 1.00 GB
Initial GC threshold: 21.00 MB
Current GC threshold: 322.50 MB
CDS: off
 - commit_granule_bytes: 65536.
 - commit_granule_words: 8192.
 - virtual_space_node_default_size: 8388608.
 - enlarge_chunks_in_place: 1.
 - use_allocation_guard: 0.


Internal statistics:

num_allocs_failed_limit: 6.
num_arena_births: 5442.
num_arena_deaths: 4.
num_vsnodes_births: 4.
num_vsnodes_deaths: 0.
num_space_committed: 3136.
num_space_uncommitted: 0.
num_chunks_returned_to_freelist: 15.
num_chunks_taken_from_freelist: 13401.
num_chunk_merges: 3.
num_chunk_splits: 9402.
num_chunks_enlarged: 6571.
num_inconsistent_stats: 0.

CodeHeap 'non-profiled nmethods': size=120000Kb used=10904Kb max_used=11227Kb free=109095Kb
 bounds [0x00000296b7bd0000, 0x00000296b86d0000, 0x00000296bf100000]
CodeHeap 'profiled nmethods': size=120000Kb used=38890Kb max_used=42464Kb free=81109Kb
 bounds [0x00000296b0100000, 0x00000296b2a80000, 0x00000296b7630000]
CodeHeap 'non-nmethods': size=5760Kb used=3558Kb max_used=3576Kb free=2201Kb
 bounds [0x00000296b7630000, 0x00000296b79c0000, 0x00000296b7bd0000]
CodeCache: size=245760Kb, used=53352Kb, max_used=57267Kb, free=192405Kb
 total_blobs=18806, nmethods=17558, adapters=1150, full_count=0
Compilation: enabled, stopped_count=0, restarted_count=0

Compilation events (20 events):
Event: 80.183 Thread 0x00000296c48a5500 nmethod 21935 0x00000296b0377110 code [0x00000296b03772c0, 0x00000296b03774c0]
Event: 80.183 Thread 0x00000296c48a5500 21933       3       java.util.Vector::<init> (7 bytes)
Event: 80.183 Thread 0x00000296c48a5500 nmethod 21933 0x00000296b031d210 code [0x00000296b031d3c0, 0x00000296b031d500]
Event: 80.183 Thread 0x00000296c48a5500 21934       3       java.util.Vector::<init> (49 bytes)
Event: 80.183 Thread 0x00000296c48a5500 nmethod 21934 0x00000296b086b190 code [0x00000296b086b3e0, 0x00000296b086bbc8]
Event: 80.186 Thread 0x00000296c48a5500 21936       3       java.io.StreamTokenizer::read (38 bytes)
Event: 80.186 Thread 0x00000296c48a5500 nmethod 21936 0x00000296b025c510 code [0x00000296b025c700, 0x00000296b025cad8]
Event: 80.186 Thread 0x00000296c48a5500 21937   !   3       java.io.BufferedReader::read (59 bytes)
Event: 80.187 Thread 0x00000296c48a5500 nmethod 21937 0x00000296b0512710 code [0x00000296b05129a0, 0x00000296b0513750]
Event: 80.187 Thread 0x00000296c48a5500 21938       3       java.io.BufferedReader::implRead (88 bytes)
Event: 80.187 Thread 0x00000296c48a5500 nmethod 21938 0x00000296b065a390 code [0x00000296b065a580, 0x00000296b065a9f0]
Event: 80.501 Thread 0x00000296c48a4a60 21939       4       java.util.regex.Pattern$SliceNode::<init> (10 bytes)
Event: 80.502 Thread 0x00000296c48a4a60 nmethod 21939 0x00000296b840e010 code [0x00000296b840e1a0, 0x00000296b840e3f8]
Event: 80.700 Thread 0x00000296c48a5500 21940       3       java.security.Provider::getService (144 bytes)
Event: 80.701 Thread 0x00000296c48a4a60 21942       4       java.lang.invoke.MethodType::makeImpl (109 bytes)
Event: 80.722 Thread 0x00000296c48a5500 nmethod 21940 0x00000296b0a15b10 code [0x00000296b0a15d80, 0x00000296b0a16978]
Event: 80.722 Thread 0x00000296c48a5500 21944       3       java.util.regex.Pattern$BranchConn::study (5 bytes)
Event: 80.722 Thread 0x00000296c48a5500 nmethod 21944 0x00000296b0348110 code [0x00000296b03482a0, 0x00000296b03483b8]
Event: 80.722 Thread 0x00000296c48a5500 21941       3       java.security.Provider$ServiceKey::matches (22 bytes)
Event: 80.722 Thread 0x00000296c48a5500 nmethod 21941 0x00000296b01be510 code [0x00000296b01be6c0, 0x00000296b01be858]

GC Heap History (20 events):
Event: 42.237 GC heap before
{Heap before GC invocations=53 (full 0):
 garbage-first heap   total 347136K, used 265865K [0x0000000080000000, 0x0000000100000000)
  region size 1024K, 61 young (62464K), 6 survivors (6144K)
 Metaspace       used 147474K, committed 149888K, reserved 1179648K
  class space    used 19462K, committed 20608K, reserved 1048576K
}
Event: 42.243 GC heap after
{Heap after GC invocations=54 (full 0):
 garbage-first heap   total 347136K, used 216939K [0x0000000080000000, 0x0000000100000000)
  region size 1024K, 8 young (8192K), 8 survivors (8192K)
 Metaspace       used 147474K, committed 149888K, reserved 1179648K
  class space    used 19462K, committed 20608K, reserved 1048576K
}
Event: 43.503 GC heap before
{Heap before GC invocations=54 (full 0):
 garbage-first heap   total 347136K, used 314219K [0x0000000080000000, 0x0000000100000000)
  region size 1024K, 98 young (100352K), 8 survivors (8192K)
 Metaspace       used 156215K, committed 158656K, reserved 1245184K
  class space    used 20573K, committed 21760K, reserved 1048576K
}
Event: 43.510 GC heap after
{Heap after GC invocations=55 (full 0):
 garbage-first heap   total 347136K, used 220533K [0x0000000080000000, 0x0000000100000000)
  region size 1024K, 13 young (13312K), 13 survivors (13312K)
 Metaspace       used 156215K, committed 158656K, reserved 1245184K
  class space    used 20573K, committed 21760K, reserved 1048576K
}
Event: 44.619 GC heap before
{Heap before GC invocations=55 (full 0):
 garbage-first heap   total 347136K, used 282997K [0x0000000080000000, 0x0000000100000000)
  region size 1024K, 76 young (77824K), 13 survivors (13312K)
 Metaspace       used 161963K, committed 164352K, reserved 1245184K
  class space    used 21330K, committed 22464K, reserved 1048576K
}
Event: 44.627 GC heap after
{Heap after GC invocations=56 (full 0):
 garbage-first heap   total 347136K, used 224507K [0x0000000080000000, 0x0000000100000000)
  region size 1024K, 10 young (10240K), 10 survivors (10240K)
 Metaspace       used 161963K, committed 164352K, reserved 1245184K
  class space    used 21330K, committed 22464K, reserved 1048576K
}
Event: 46.767 GC heap before
{Heap before GC invocations=57 (full 0):
 garbage-first heap   total 380928K, used 318715K [0x0000000080000000, 0x0000000100000000)
  region size 1024K, 99 young (101376K), 10 survivors (10240K)
 Metaspace       used 166720K, committed 169216K, reserved 1245184K
  class space    used 22038K, committed 23232K, reserved 1048576K
}
Event: 46.775 GC heap after
{Heap after GC invocations=58 (full 0):
 garbage-first heap   total 380928K, used 234495K [0x0000000080000000, 0x0000000100000000)
  region size 1024K, 11 young (11264K), 11 survivors (11264K)
 Metaspace       used 166720K, committed 169216K, reserved 1245184K
  class space    used 22038K, committed 23232K, reserved 1048576K
}
Event: 47.384 GC heap before
{Heap before GC invocations=58 (full 0):
 garbage-first heap   total 380928K, used 346111K [0x0000000080000000, 0x0000000100000000)
  region size 1024K, 119 young (121856K), 11 survivors (11264K)
 Metaspace       used 167228K, committed 169728K, reserved 1245184K
  class space    used 22078K, committed 23296K, reserved 1048576K
}
Event: 47.394 GC heap after
{Heap after GC invocations=59 (full 0):
 garbage-first heap   total 380928K, used 233305K [0x0000000080000000, 0x0000000100000000)
  region size 1024K, 15 young (15360K), 15 survivors (15360K)
 Metaspace       used 167228K, committed 169728K, reserved 1245184K
  class space    used 22078K, committed 23296K, reserved 1048576K
}
Event: 49.071 GC heap before
{Heap before GC invocations=59 (full 0):
 garbage-first heap   total 380928K, used 341849K [0x0000000080000000, 0x0000000100000000)
  region size 1024K, 121 young (123904K), 15 survivors (15360K)
 Metaspace       used 174149K, committed 176640K, reserved 1245184K
  class space    used 22641K, committed 23808K, reserved 1048576K
}
Event: 49.082 GC heap after
{Heap after GC invocations=60 (full 0):
 garbage-first heap   total 380928K, used 245384K [0x0000000080000000, 0x0000000100000000)
  region size 1024K, 12 young (12288K), 12 survivors (12288K)
 Metaspace       used 174149K, committed 176640K, reserved 1245184K
  class space    used 22641K, committed 23808K, reserved 1048576K
}
Event: 50.571 GC heap before
{Heap before GC invocations=61 (full 0):
 garbage-first heap   total 411648K, used 345736K [0x0000000080000000, 0x0000000100000000)
  region size 1024K, 110 young (112640K), 12 survivors (12288K)
 Metaspace       used 182014K, committed 184512K, reserved 1245184K
  class space    used 23898K, committed 25088K, reserved 1048576K
}
Event: 50.579 GC heap after
{Heap after GC invocations=62 (full 0):
 garbage-first heap   total 411648K, used 248878K [0x0000000080000000, 0x0000000100000000)
  region size 1024K, 4 young (4096K), 4 survivors (4096K)
 Metaspace       used 182014K, committed 184512K, reserved 1245184K
  class space    used 23898K, committed 25088K, reserved 1048576K
}
Event: 52.969 GC heap before
{Heap before GC invocations=62 (full 0):
 garbage-first heap   total 411648K, used 379950K [0x0000000080000000, 0x0000000100000000)
  region size 1024K, 126 young (129024K), 4 survivors (4096K)
 Metaspace       used 191459K, committed 194112K, reserved 1245184K
  class space    used 25081K, committed 26368K, reserved 1048576K
}
Event: 52.979 GC heap after
{Heap after GC invocations=63 (full 0):
 garbage-first heap   total 411648K, used 252146K [0x0000000080000000, 0x0000000100000000)
  region size 1024K, 13 young (13312K), 13 survivors (13312K)
 Metaspace       used 191459K, committed 194112K, reserved 1245184K
  class space    used 25081K, committed 26368K, reserved 1048576K
}
Event: 72.019 GC heap before
{Heap before GC invocations=63 (full 0):
 garbage-first heap   total 411648K, used 375026K [0x0000000080000000, 0x0000000100000000)
  region size 1024K, 134 young (137216K), 13 survivors (13312K)
 Metaspace       used 195354K, committed 198144K, reserved 1245184K
  class space    used 25680K, committed 27008K, reserved 1048576K
}
Event: 72.036 GC heap after
{Heap after GC invocations=64 (full 0):
 garbage-first heap   total 411648K, used 255609K [0x0000000080000000, 0x0000000100000000)
  region size 1024K, 8 young (8192K), 8 survivors (8192K)
 Metaspace       used 195354K, committed 198144K, reserved 1245184K
  class space    used 25680K, committed 27008K, reserved 1048576K
}
Event: 76.448 GC heap before
{Heap before GC invocations=64 (full 0):
 garbage-first heap   total 411648K, used 379513K [0x0000000080000000, 0x0000000100000000)
  region size 1024K, 129 young (132096K), 8 survivors (8192K)
 Metaspace       used 195358K, committed 198144K, reserved 1245184K
  class space    used 25680K, committed 27008K, reserved 1048576K
}
Event: 76.457 GC heap after
{Heap after GC invocations=65 (full 0):
 garbage-first heap   total 411648K, used 258200K [0x0000000080000000, 0x0000000100000000)
  region size 1024K, 10 young (10240K), 10 survivors (10240K)
 Metaspace       used 195358K, committed 198144K, reserved 1245184K
  class space    used 25680K, committed 27008K, reserved 1048576K
}

Dll operation events (3 events):
Event: 0.026 Loaded shared library C:\Program Files\Android\Android Studio2\jbr\bin\java.dll
Event: 0.039 Loaded shared library C:\Program Files\Android\Android Studio2\jbr\bin\zip.dll
Event: 0.695 Loaded shared library C:\Program Files\Android\Android Studio2\jbr\bin\verify.dll

Deoptimization events (20 events):
Event: 80.088 Thread 0x00000296ca821070 DEOPT PACKING pc=0x00000296b83a75ec sp=0x000000af017f41e0
Event: 80.088 Thread 0x00000296ca821070 DEOPT UNPACKING pc=0x00000296b7687da2 sp=0x000000af017f41a0 mode 2
Event: 80.182 Thread 0x00000296ca821070 Uncommon trap: trap_request=0xffffff45 fr.pc=0x00000296b7fa44cc relative=0x000000000000030c
Event: 80.182 Thread 0x00000296ca821070 Uncommon trap: reason=unstable_if action=reinterpret pc=0x00000296b7fa44cc method=java.lang.CharacterDataLatin1.equalsIgnoreCase(BB)Z @ 54 c2
Event: 80.182 Thread 0x00000296ca821070 DEOPT PACKING pc=0x00000296b7fa44cc sp=0x000000af017f40c0
Event: 80.182 Thread 0x00000296ca821070 DEOPT UNPACKING pc=0x00000296b7687da2 sp=0x000000af017f3f18 mode 2
Event: 80.182 Thread 0x00000296ca821070 Uncommon trap: trap_request=0xffffff45 fr.pc=0x00000296b7ce80b8 relative=0x0000000000000198
Event: 80.182 Thread 0x00000296ca821070 Uncommon trap: reason=unstable_if action=reinterpret pc=0x00000296b7ce80b8 method=java.lang.CharacterDataLatin1.equalsIgnoreCase(BB)Z @ 54 c2
Event: 80.182 Thread 0x00000296ca821070 DEOPT PACKING pc=0x00000296b7ce80b8 sp=0x000000af017f3f70
Event: 80.182 Thread 0x00000296ca821070 DEOPT UNPACKING pc=0x00000296b7687da2 sp=0x000000af017f3e90 mode 2
Event: 80.186 Thread 0x00000296ca821070 Uncommon trap: trap_request=0xffffffde fr.pc=0x00000296b83a75ec relative=0x0000000000000cac
Event: 80.186 Thread 0x00000296ca821070 Uncommon trap: reason=class_check action=maybe_recompile pc=0x00000296b83a75ec method=sun.nio.fs.WindowsDirectoryStream$WindowsDirectoryIterator.acceptEntry(Ljava/lang/String;Ljava/nio/file/attribute/BasicFileAttributes;)Ljava/nio/file/Path; @ 44 c2
Event: 80.186 Thread 0x00000296ca821070 DEOPT PACKING pc=0x00000296b83a75ec sp=0x000000af017f41e0
Event: 80.186 Thread 0x00000296ca821070 DEOPT UNPACKING pc=0x00000296b7687da2 sp=0x000000af017f41a0 mode 2
Event: 80.332 Thread 0x00000296ca821070 DEOPT PACKING pc=0x00000296b022125c sp=0x000000af017f4370
Event: 80.332 Thread 0x00000296ca821070 DEOPT UNPACKING pc=0x00000296b76888e2 sp=0x000000af017f3838 mode 0
Event: 80.459 Thread 0x00000296ca821070 Uncommon trap: trap_request=0xffffff45 fr.pc=0x00000296b82ac640 relative=0x0000000000000c20
Event: 80.459 Thread 0x00000296ca821070 Uncommon trap: reason=unstable_if action=reinterpret pc=0x00000296b82ac640 method=sun.net.util.IPAddressUtil.scan(Ljava/lang/String;JJ[C)I @ 14 c2
Event: 80.459 Thread 0x00000296ca821070 DEOPT PACKING pc=0x00000296b82ac640 sp=0x000000af017f42c0
Event: 80.459 Thread 0x00000296ca821070 DEOPT UNPACKING pc=0x00000296b7687da2 sp=0x000000af017f40b8 mode 2

Classes loaded (20 events):
Event: 80.752 Loading class sun/security/ssl/SSLCipher$T12CC20P1305ReadCipherGenerator done
Event: 80.752 Loading class sun/security/ssl/SSLCipher$T13CC20P1305ReadCipherGenerator
Event: 80.752 Loading class sun/security/ssl/SSLCipher$T13CC20P1305ReadCipherGenerator done
Event: 80.752 Loading class sun/security/ssl/SSLCipher$T12CC20P1305WriteCipherGenerator
Event: 80.752 Loading class sun/security/ssl/SSLCipher$T12CC20P1305WriteCipherGenerator done
Event: 80.752 Loading class sun/security/ssl/SSLCipher$T13CC20P1305WriteCipherGenerator
Event: 80.752 Loading class sun/security/ssl/SSLCipher$T13CC20P1305WriteCipherGenerator done
Event: 80.752 Loading class com/sun/crypto/provider/ChaCha20Cipher$ChaCha20Poly1305
Event: 80.752 Loading class com/sun/crypto/provider/ChaCha20Cipher
Event: 80.753 Loading class com/sun/crypto/provider/ChaCha20Cipher done
Event: 80.753 Loading class com/sun/crypto/provider/ChaCha20Cipher$ChaCha20Poly1305 done
Event: 80.753 Loading class sun/security/ssl/SSLCipher$1
Event: 80.753 Loading class sun/security/ssl/SSLCipher$1 done
Event: 80.754 Loading class sun/security/ssl/CipherSuite$HashAlg
Event: 80.810 Loading class sun/security/ssl/CipherSuite$HashAlg done
Event: 80.810 Loading class sun/security/ssl/CipherSuite$MacAlg
Event: 80.810 Loading class sun/security/ssl/CipherSuite$MacAlg done
Event: 80.810 Loading class sun/security/ssl/CipherSuite$KeyExchange
Event: 80.811 Loading class sun/security/ssl/CipherSuite$KeyExchange done
Event: 80.811 Loading class sun/security/ssl/NamedGroup$NamedGroupSpec

Classes unloaded (12 events):
Event: 25.920 Thread 0x00000296c46ab7f0 Unloading class 0x0000000100970988 '_BuildScript_$_run_closure1$_closure2'
Event: 25.920 Thread 0x00000296c46ab7f0 Unloading class 0x0000000100970568 '_BuildScript_$_run_closure1'
Event: 25.920 Thread 0x00000296c46ab7f0 Unloading class 0x0000000100970000 '_BuildScript_'
Event: 28.007 Thread 0x00000296c46ab7f0 Unloading class 0x000000010099da08 '_BuildScript_$_run_closure1$_closure3'
Event: 28.007 Thread 0x00000296c46ab7f0 Unloading class 0x000000010099d5e8 '_BuildScript_$_run_closure1$_closure2'
Event: 28.007 Thread 0x00000296c46ab7f0 Unloading class 0x000000010099d1c8 '_BuildScript_$_run_closure1'
Event: 28.007 Thread 0x00000296c46ab7f0 Unloading class 0x000000010099cc60 '_BuildScript_'
Event: 28.007 Thread 0x00000296c46ab7f0 Unloading class 0x000000010099c840 'JetGradlePlugin$_apply_closure1$_closure2$_closure3'
Event: 28.007 Thread 0x00000296c46ab7f0 Unloading class 0x000000010099c420 'JetGradlePlugin$_apply_closure1$_closure2'
Event: 28.007 Thread 0x00000296c46ab7f0 Unloading class 0x000000010099c000 'JetGradlePlugin$_apply_closure1'
Event: 28.007 Thread 0x00000296c46ab7f0 Unloading class 0x0000000100995300 'JetGradlePlugin'
Event: 28.007 Thread 0x00000296c46ab7f0 Unloading class 0x0000000100995000 'RegistryProcessor'

Classes redefined (0 events):
No events

Internal exceptions (20 events):
Event: 52.987 Thread 0x00000296d7ce7860 Implicit null exception at 0x00000296b7e8090e to 0x00000296b7e810e4
Event: 52.994 Thread 0x00000296ca821070 Exception <a 'java/lang/NoSuchMethodError'{0x00000000ffd64a88}: 'void java.lang.invoke.DirectMethodHandle$Holder.invokeSpecial(java.lang.Object, java.lang.Object, java.lang.Object, java.lang.Object, java.lang.Object, java.lang.Object, java.lang.Object, java.lang.Object, java.lang.Object)'> (0x00000000ffd64a88) 
thrown [s\src\hotspot\share\interpreter\linkResolver.cpp, line 784]
Event: 53.111 Thread 0x00000296ca824b80 Exception <a 'java/lang/NoSuchMethodError'{0x00000000ff808560}: static Lorg/gradle/tooling/internal/provider/PhasedBuildActionResult;.<clinit>()V> (0x00000000ff808560) 
thrown [s\src\hotspot\share\prims\jni.cpp, line 1144]
Event: 53.112 Thread 0x00000296ca824b80 Exception <a 'java/lang/NoSuchMethodError'{0x00000000ff812540}: static Lorg/gradle/tooling/internal/provider/serialization/SerializedPayload;.<clinit>()V> (0x00000000ff812540) 
thrown [s\src\hotspot\share\prims\jni.cpp, line 1144]
Event: 53.112 Thread 0x00000296ca824b80 Exception <a 'java/lang/NoSuchMethodError'{0x00000000ff815fb8}: static [B.<clinit>()V> (0x00000000ff815fb8) 
thrown [s\src\hotspot\share\prims\jni.cpp, line 1144]
Event: 53.147 Thread 0x00000296ca821070 Implicit null exception at 0x00000296b7df6bf9 to 0x00000296b7df6c24
Event: 53.221 Thread 0x00000296d7ce7860 Exception <a 'java/lang/NoSuchMethodError'{0x00000000ff3b7528}: 'java.lang.Object java.lang.invoke.DirectMethodHandle$Holder.newInvokeSpecial(java.lang.Object, java.lang.Object, int, java.lang.Object, java.lang.Object)'> (0x00000000ff3b7528) 
thrown [s\src\hotspot\share\interpreter\linkResolver.cpp, line 784]
Event: 53.221 Thread 0x00000296d7ce7860 Exception <a 'java/lang/NoSuchMethodError'{0x00000000ff3bb1e0}: 'java.lang.Object java.lang.invoke.Invokers$Holder.linkToTargetMethod(java.lang.Object, int, java.lang.Object, java.lang.Object, java.lang.Object)'> (0x00000000ff3bb1e0) 
thrown [s\src\hotspot\share\interpreter\linkResolver.cpp, line 784]
Event: 53.376 Thread 0x00000296d7ce5790 Exception <a 'java/lang/NoSuchMethodError'{0x00000000980f6bb8}: 'java.lang.Object java.lang.invoke.DirectMethodHandle$Holder.invokeVirtual(java.lang.Object, java.lang.Object, java.lang.Object, java.lang.Object, java.lang.Object, java.lang.Object, java.lang.Object, java.lang.Object, java.lang.Object, java.lang.Object, java.lang.Object, java.lang.Object, java.lang.Object, java.lang.Object, java.lang.Object, java.lang.Object, java.lang.Object, java.lang.Object, java.lang.Object)'> (0x00000000980f6bb8) 
thrown
Event: 53.400 Thread 0x00000296ca824b80 Exception <a 'java/lang/NoSuchMethodError'{0x0000000097ff13d0}: static Lorg/gradle/internal/build/event/types/DefaultTaskStartedProgressEvent;.<clinit>()V> (0x0000000097ff13d0) 
thrown [s\src\hotspot\share\prims\jni.cpp, line 1144]
Event: 53.401 Thread 0x00000296ca824b80 Exception <a 'java/lang/NoSuchMethodError'{0x0000000097ffc660}: static Lorg/gradle/internal/build/event/types/DefaultTaskDescriptor;.<clinit>()V> (0x0000000097ffc660) 
thrown [s\src\hotspot\share\prims\jni.cpp, line 1144]
Event: 53.425 Thread 0x00000296ca824b80 Exception <a 'java/lang/NoSuchMethodError'{0x0000000097e34998}: static Lorg/gradle/internal/build/event/types/DefaultTaskFinishedProgressEvent;.<clinit>()V> (0x0000000097e34998) 
thrown [s\src\hotspot\share\prims\jni.cpp, line 1144]
Event: 53.426 Thread 0x00000296ca824b80 Exception <a 'java/lang/NoSuchMethodError'{0x0000000097e4afb0}: static Lorg/gradle/internal/build/event/types/DefaultTaskSuccessResult;.<clinit>()V> (0x0000000097e4afb0) 
thrown [s\src\hotspot\share\prims\jni.cpp, line 1144]
Event: 53.427 Thread 0x00000296ca824b80 Exception <a 'java/lang/NoSuchMethodError'{0x0000000097e4c6f0}: static Lorg/gradle/internal/build/event/types/AbstractTaskResult;.<clinit>()V> (0x0000000097e4c6f0) 
thrown [s\src\hotspot\share\prims\jni.cpp, line 1144]
Event: 53.453 Thread 0x00000296d7cdfbb0 Exception <a 'java/lang/NoSuchMethodError'{0x0000000097dd4418}: static Ljava/lang/Object;.<clinit>()V> (0x0000000097dd4418) 
thrown [s\src\hotspot\share\prims\jni.cpp, line 1144]
Event: 53.453 Thread 0x00000296d7cdfbb0 Exception <a 'java/lang/NoSuchMethodError'{0x0000000097ddf518}: static Lorg/jetbrains/kotlin/gradle/plugin/statistics/MetricContainer;.<clinit>()V> (0x0000000097ddf518) 
thrown [s\src\hotspot\share\prims\jni.cpp, line 1144]
Event: 53.461 Thread 0x00000296d7ceba00 Implicit null exception at 0x00000296b7e0a207 to 0x00000296b7e0a2d4
Event: 53.692 Thread 0x00000296d7ceba00 Exception <a 'java/lang/NoSuchMethodError'{0x00000000975b5b40}: 'void java.lang.invoke.DirectMethodHandle$Holder.invokeStatic(java.lang.Object, int)'> (0x00000000975b5b40) 
thrown [s\src\hotspot\share\interpreter\linkResolver.cpp, line 784]
Event: 53.692 Thread 0x00000296d7ceba00 Exception <a 'java/lang/NoSuchMethodError'{0x00000000975b8f18}: 'void java.lang.invoke.DirectMethodHandle$Holder.invokeStaticInit(java.lang.Object, int)'> (0x00000000975b8f18) 
thrown [s\src\hotspot\share\interpreter\linkResolver.cpp, line 784]
Event: 79.892 Thread 0x00000296ca821070 Exception <a 'sun/nio/fs/WindowsException'{0x0000000093633d30}> (0x0000000093633d30) 
thrown [s\src\hotspot\share\prims\jni.cpp, line 537]

ZGC Phase Switch (0 events):
No events

VM Operations (20 events):
Event: 66.304 Executing VM operation: Cleanup
Event: 66.304 Executing VM operation: Cleanup done
Event: 72.019 Executing VM operation: G1CollectForAllocation (G1 Evacuation Pause)
Event: 72.036 Executing VM operation: G1CollectForAllocation (G1 Evacuation Pause) done
Event: 76.448 Executing VM operation: G1CollectForAllocation (G1 Evacuation Pause)
Event: 76.457 Executing VM operation: G1CollectForAllocation (G1 Evacuation Pause) done
Event: 76.603 Executing VM operation: G1PauseRemark
Event: 76.623 Executing VM operation: G1PauseRemark done
Event: 76.690 Executing VM operation: G1PauseCleanup
Event: 76.690 Executing VM operation: G1PauseCleanup done
Event: 79.707 Executing VM operation: Cleanup
Event: 79.708 Executing VM operation: Cleanup done
Event: 80.088 Executing VM operation: HandshakeAllThreads (Deoptimize)
Event: 80.088 Executing VM operation: HandshakeAllThreads (Deoptimize) done
Event: 80.185 Executing VM operation: HandshakeAllThreads (Deoptimize)
Event: 80.185 Executing VM operation: HandshakeAllThreads (Deoptimize) done
Event: 80.242 Executing VM operation: HandshakeAllThreads (Deoptimize)
Event: 80.242 Executing VM operation: HandshakeAllThreads (Deoptimize) done
Event: 80.459 Executing VM operation: HandshakeAllThreads (Deoptimize)
Event: 80.459 Executing VM operation: HandshakeAllThreads (Deoptimize) done

Memory protections (0 events):
No events

Nmethod flushes (20 events):
Event: 76.616 Thread 0x00000296c46ab7f0 flushing  nmethod 0x00000296b1883d10
Event: 76.616 Thread 0x00000296c46ab7f0 flushing  nmethod 0x00000296b1884f10
Event: 76.616 Thread 0x00000296c46ab7f0 flushing  nmethod 0x00000296b1886390
Event: 76.616 Thread 0x00000296c46ab7f0 flushing  nmethod 0x00000296b1887310
Event: 76.616 Thread 0x00000296c46ab7f0 flushing  nmethod 0x00000296b1887f10
Event: 76.616 Thread 0x00000296c46ab7f0 flushing  nmethod 0x00000296b18d4e90
Event: 76.616 Thread 0x00000296c46ab7f0 flushing  nmethod 0x00000296b1ba8910
Event: 76.616 Thread 0x00000296c46ab7f0 flushing  nmethod 0x00000296b1bf9f90
Event: 76.616 Thread 0x00000296c46ab7f0 flushing  nmethod 0x00000296b1c78b10
Event: 76.616 Thread 0x00000296c46ab7f0 flushing  nmethod 0x00000296b1c7dc90
Event: 76.616 Thread 0x00000296c46ab7f0 flushing  nmethod 0x00000296b1c81810
Event: 76.616 Thread 0x00000296c46ab7f0 flushing  nmethod 0x00000296b1c82810
Event: 76.616 Thread 0x00000296c46ab7f0 flushing  nmethod 0x00000296b1c84790
Event: 76.616 Thread 0x00000296c46ab7f0 flushing  nmethod 0x00000296b1c86210
Event: 76.616 Thread 0x00000296c46ab7f0 flushing  nmethod 0x00000296b1d42390
Event: 76.616 Thread 0x00000296c46ab7f0 flushing  nmethod 0x00000296b1d49c90
Event: 76.616 Thread 0x00000296c46ab7f0 flushing  nmethod 0x00000296b1f51910
Event: 76.616 Thread 0x00000296c46ab7f0 flushing  nmethod 0x00000296b239ef10
Event: 76.616 Thread 0x00000296c46ab7f0 flushing  nmethod 0x00000296b24adf10
Event: 76.616 Thread 0x00000296c46ab7f0 flushing  nmethod 0x00000296b2619f90

Events (20 events):
Event: 36.261 Thread 0x00000296ca821070 Thread added: 0x00000296cdcc7190
Event: 36.261 Thread 0x00000296ca821070 Thread added: 0x00000296d7e0c440
Event: 43.059 Thread 0x00000296ca821070 Thread added: 0x00000296d7ce2310
Event: 44.678 Thread 0x00000296ca821070 Thread added: 0x00000296d7cdfbb0
Event: 52.657 Thread 0x00000296ca821070 Thread added: 0x00000296d7ce3d50
Event: 52.986 Thread 0x00000296ca821070 Thread added: 0x00000296d7ce7860
Event: 53.079 Thread 0x00000296d7ce7860 Thread exited: 0x00000296d7ce7860
Event: 53.214 Thread 0x00000296ca821070 Thread added: 0x00000296d7ce7860
Event: 53.224 Thread 0x00000296d7ce7860 Thread added: 0x00000296d7ce5790
Event: 53.225 Thread 0x00000296d7ce7860 Thread added: 0x00000296d7ce5e20
Event: 53.225 Thread 0x00000296d7ce7860 Thread added: 0x00000296d7ce7ef0
Event: 53.225 Thread 0x00000296d7ce7860 Thread added: 0x00000296d7ce4a70
Event: 53.225 Thread 0x00000296d7ce7860 Thread added: 0x00000296d7ce5100
Event: 53.225 Thread 0x00000296d7ce7860 Thread added: 0x00000296d7ce92a0
Event: 53.225 Thread 0x00000296d7ce7860 Thread added: 0x00000296d7ce9930
Event: 53.346 Thread 0x00000296d7ce5790 Thread added: 0x00000296d7ce9fc0
Event: 53.460 Thread 0x00000296ca821070 Thread added: 0x00000296d7ceba00
Event: 54.739 Thread 0x00000296ca821070 Thread added: 0x00000296d7ceace0
Event: 65.654 Thread 0x00000296c48a4a60 Thread added: 0x00000296d8566340
Event: 66.471 Thread 0x00000296d8566340 Thread exited: 0x00000296d8566340


Dynamic libraries:
0x00007ff68e460000 - 0x00007ff68e46a000 	C:\Program Files\Android\Android Studio2\jbr\bin\java.exe
0x00007ffa726c0000 - 0x00007ffa72926000 	C:\WINDOWS\SYSTEM32\ntdll.dll
0x00007ffa72300000 - 0x00007ffa723c9000 	C:\WINDOWS\System32\KERNEL32.DLL
0x00007ffa6fbf0000 - 0x00007ffa6ffef000 	C:\WINDOWS\System32\KERNELBASE.dll
0x00007ffa6f900000 - 0x00007ffa6fa4c000 	C:\WINDOWS\System32\ucrtbase.dll
0x00007ffa6eb70000 - 0x00007ffa6eb8b000 	C:\Program Files\Android\Android Studio2\jbr\bin\VCRUNTIME140.dll
0x00007ff9cbb90000 - 0x00007ff9cbba8000 	C:\Program Files\Android\Android Studio2\jbr\bin\jli.dll
0x00007ffa70ff0000 - 0x00007ffa711b6000 	C:\WINDOWS\System32\USER32.dll
0x00007ffa6f8d0000 - 0x00007ffa6f8f7000 	C:\WINDOWS\System32\win32u.dll
0x00007ffa71aa0000 - 0x00007ffa71acb000 	C:\WINDOWS\System32\GDI32.dll
0x00007ffa70090000 - 0x00007ffa701b9000 	C:\WINDOWS\System32\gdi32full.dll
0x00007ffa70340000 - 0x00007ffa703e3000 	C:\WINDOWS\System32\msvcp_win.dll
0x00007ffa6dff0000 - 0x00007ffa6e281000 	C:\WINDOWS\WinSxS\amd64_microsoft.windows.common-controls_6595b64144ccf1df_6.0.26100.8972_none_3e0da176e32f9d4b\COMCTL32.dll
0x00007ffa707f0000 - 0x00007ffa70899000 	C:\WINDOWS\System32\msvcrt.dll
0x00007ffa72570000 - 0x00007ffa725a2000 	C:\WINDOWS\System32\IMM32.DLL
0x00007ffa6ebf0000 - 0x00007ffa6ebfc000 	C:\Program Files\Android\Android Studio2\jbr\bin\vcruntime140_1.dll
0x00007ff9cb290000 - 0x00007ff9cb31d000 	C:\Program Files\Android\Android Studio2\jbr\bin\msvcp140.dll
0x00007ff9c0f70000 - 0x00007ff9c1c06000 	C:\Program Files\Android\Android Studio2\jbr\bin\server\jvm.dll
0x00007ffa708a0000 - 0x00007ffa7095c000 	C:\WINDOWS\System32\ADVAPI32.dll
0x00007ffa703f0000 - 0x00007ffa7049a000 	C:\WINDOWS\System32\sechost.dll
0x00007ffa70610000 - 0x00007ffa70728000 	C:\WINDOWS\System32\RPCRT4.dll
0x00007ffa70970000 - 0x00007ffa709f2000 	C:\WINDOWS\System32\WS2_32.dll
0x00007ffa6f730000 - 0x00007ffa6f78e000 	C:\WINDOWS\SYSTEM32\POWRPROF.dll
0x00007ffa65010000 - 0x00007ffa65046000 	C:\WINDOWS\SYSTEM32\WINMM.dll
0x00007ffa6c1a0000 - 0x00007ffa6c1ab000 	C:\WINDOWS\SYSTEM32\VERSION.dll
0x00007ffa6f660000 - 0x00007ffa6f675000 	C:\WINDOWS\SYSTEM32\UMPDC.dll
0x00007ffa6deb0000 - 0x00007ffa6decb000 	C:\WINDOWS\SYSTEM32\kernel.appcore.dll
0x00007ffa6ebe0000 - 0x00007ffa6ebea000 	C:\Program Files\Android\Android Studio2\jbr\bin\jimage.dll
0x00007ffa6f060000 - 0x00007ffa6f2a2000 	C:\WINDOWS\SYSTEM32\DBGHELP.DLL
0x00007ffa70b60000 - 0x00007ffa70ee5000 	C:\WINDOWS\System32\combase.dll
0x00007ffa70a10000 - 0x00007ffa70ae9000 	C:\WINDOWS\System32\OLEAUT32.dll
0x00007ffa6eb30000 - 0x00007ffa6eb6b000 	C:\WINDOWS\SYSTEM32\dbgcore.DLL
0x00007ffa701c0000 - 0x00007ffa7026c000 	C:\WINDOWS\System32\bcryptPrimitives.dll
0x00007ffa2a780000 - 0x00007ffa2a78e000 	C:\Program Files\Android\Android Studio2\jbr\bin\instrument.dll
0x00007ffa6c510000 - 0x00007ffa6c530000 	C:\Program Files\Android\Android Studio2\jbr\bin\java.dll
0x00007ffa6b840000 - 0x00007ffa6b858000 	C:\Program Files\Android\Android Studio2\jbr\bin\zip.dll
0x00007ffa71ad0000 - 0x00007ffa72258000 	C:\WINDOWS\System32\SHELL32.dll
0x00007ffa6cc20000 - 0x00007ffa6d4bb000 	C:\WINDOWS\SYSTEM32\windows.storage.dll
0x00007ffa70ef0000 - 0x00007ffa70fe9000 	C:\WINDOWS\System32\SHCORE.dll
0x00007ffa70af0000 - 0x00007ffa70b56000 	C:\WINDOWS\System32\shlwapi.dll
0x00007ffa6f7f0000 - 0x00007ffa6f819000 	C:\WINDOWS\SYSTEM32\profapi.dll
0x00007ffa6ebb0000 - 0x00007ffa6ebc0000 	C:\Program Files\Android\Android Studio2\jbr\bin\net.dll
0x00007ffa60230000 - 0x00007ffa60358000 	C:\WINDOWS\SYSTEM32\WINHTTP.dll
0x00007ffa6e6d0000 - 0x00007ffa6e73c000 	C:\WINDOWS\system32\mswsock.dll
0x00007ffa6b560000 - 0x00007ffa6b576000 	C:\Program Files\Android\Android Studio2\jbr\bin\nio.dll
0x00007ffa5ca30000 - 0x00007ffa5ca40000 	C:\Program Files\Android\Android Studio2\jbr\bin\verify.dll
0x00007ffa2a790000 - 0x00007ffa2a7b7000 	C:\Users\igors\.gradle\native\1def1411415f61bf3af743bc5b6707747c0891f09f0c88961ee8f79bc544acac\windows-amd64\native-platform.dll
0x00007ff9dda70000 - 0x00007ff9ddae8000 	C:\Users\igors\.gradle\native\0.2.7\x86_64-windows-gnu\gradle-fileevents.dll
0x00007ffa6b830000 - 0x00007ffa6b839000 	C:\Program Files\Android\Android Studio2\jbr\bin\management.dll
0x00007ffa5cd30000 - 0x00007ffa5cd3b000 	C:\Program Files\Android\Android Studio2\jbr\bin\management_ext.dll
0x00007ffa70a00000 - 0x00007ffa70a08000 	C:\WINDOWS\System32\PSAPI.DLL
0x00007ffa6d900000 - 0x00007ffa6d933000 	C:\WINDOWS\SYSTEM32\IPHLPAPI.DLL
0x00007ffa72670000 - 0x00007ffa7267a000 	C:\WINDOWS\System32\NSI.dll
0x00007ffa6c4c0000 - 0x00007ffa6c4c9000 	C:\Program Files\Android\Android Studio2\jbr\bin\extnet.dll
0x00007ffa6f3d0000 - 0x00007ffa6f3eb000 	C:\WINDOWS\SYSTEM32\CRYPTSP.dll
0x00007ffa6de10000 - 0x00007ffa6de49000 	C:\WINDOWS\system32\rsaenh.dll
0x00007ffa6e780000 - 0x00007ffa6e7b2000 	C:\WINDOWS\SYSTEM32\USERENV.dll
0x00007ffa6f7c0000 - 0x00007ffa6f7ea000 	C:\WINDOWS\SYSTEM32\bcrypt.dll
0x00007ffa6e9e0000 - 0x00007ffa6e9ec000 	C:\WINDOWS\SYSTEM32\CRYPTBASE.dll
0x00007ffa46820000 - 0x00007ffa46828000 	C:\WINDOWS\system32\wshunix.dll
0x00007ff9f9e20000 - 0x00007ff9f9e38000 	C:\WINDOWS\system32\napinsp.dll
0x00007ffa6d9e0000 - 0x00007ffa6db38000 	C:\WINDOWS\SYSTEM32\DNSAPI.dll
0x00007ffa6e4b0000 - 0x00007ffa6e4bd000 	C:\WINDOWS\SYSTEM32\DSPARSE.dll
0x00007ff9f9e00000 - 0x00007ff9f9e13000 	C:\WINDOWS\System32\winrnr.dll
0x00007ff9f9dd0000 - 0x00007ff9f9df2000 	C:\WINDOWS\system32\nlansp_c.dll
0x00007ffa67470000 - 0x00007ffa67486000 	C:\WINDOWS\system32\wshbth.dll
0x00007ffa67380000 - 0x00007ffa6738b000 	C:\Windows\System32\rasadhlp.dll
0x00007ffa64a00000 - 0x00007ffa64a86000 	C:\WINDOWS\System32\fwpuclnt.dll

JVMTI agents:
C:\Users\igors\.gradle\wrapper\dists\gradle-8.13-bin\5xuhj0ry160q40clulazy9h7d\gradle-8.13\lib\agents\gradle-instrumentation-agent-8.13.jar path:C:\Program Files\Android\Android Studio2\jbr\bin\instrument.dll, loaded, initialized, instrumentlib options:none

dbghelp: loaded successfully - version: 4.0.5 - missing functions: none
symbol engine: initialized successfully - sym options: 0x614 - pdb path: .;C:\Program Files\Android\Android Studio2\jbr\bin;C:\WINDOWS\SYSTEM32;C:\WINDOWS\WinSxS\amd64_microsoft.windows.common-controls_6595b64144ccf1df_6.0.26100.8972_none_3e0da176e32f9d4b;C:\Program Files\Android\Android Studio2\jbr\bin\server;C:\Users\igors\.gradle\native\1def1411415f61bf3af743bc5b6707747c0891f09f0c88961ee8f79bc544acac\windows-amd64;C:\Users\igors\.gradle\native\0.2.7\x86_64-windows-gnu

VM Arguments:
jvm_args: --add-opens=java.base/java.lang=ALL-UNNAMED --add-opens=java.base/java.lang.invoke=ALL-UNNAMED --add-opens=java.base/java.util=ALL-UNNAMED --add-opens=java.prefs/java.util.prefs=ALL-UNNAMED --add-exports=jdk.compiler/com.sun.tools.javac.api=ALL-UNNAMED --add-exports=jdk.compiler/com.sun.tools.javac.util=ALL-UNNAMED --add-opens=java.base/java.util=ALL-UNNAMED --add-opens=java.prefs/java.util.prefs=ALL-UNNAMED --add-opens=java.base/java.nio.charset=ALL-UNNAMED --add-opens=java.base/java.net=ALL-UNNAMED --add-opens=java.base/java.util.concurrent.atomic=ALL-UNNAMED --add-opens=java.xml/javax.xml.namespace=ALL-UNNAMED -Xmx2048m -Dfile.encoding=UTF-8 -Duser.country=BR -Duser.language=pt -Duser.variant -javaagent:C:\Users\igors\.gradle\wrapper\dists\gradle-8.13-bin\5xuhj0ry160q40clulazy9h7d\gradle-8.13\lib\agents\gradle-instrumentation-agent-8.13.jar 
java_command: org.gradle.launcher.daemon.bootstrap.GradleDaemon 8.13
java_class_path (initial): C:\Users\igors\.gradle\wrapper\dists\gradle-8.13-bin\5xuhj0ry160q40clulazy9h7d\gradle-8.13\lib\gradle-daemon-main-8.13.jar
Launcher Type: SUN_STANDARD

[Global flags]
     intx CICompilerCount                          = 4                                         {product} {ergonomic}
     uint ConcGCThreads                            = 2                                         {product} {ergonomic}
     uint G1ConcRefinementThreads                  = 8                                         {product} {ergonomic}
   size_t G1HeapRegionSize                         = 1048576                                   {product} {ergonomic}
    uintx GCDrainStackTargetSize                   = 64                                        {product} {ergonomic}
   size_t InitialHeapSize                          = 132120576                                 {product} {ergonomic}
   size_t MarkStackSize                            = 4194304                                   {product} {ergonomic}
   size_t MaxHeapSize                              = 2147483648                                {product} {command line}
   size_t MaxNewSize                               = 1287651328                                {product} {ergonomic}
   size_t MinHeapDeltaBytes                        = 1048576                                   {product} {ergonomic}
   size_t MinHeapSize                              = 8388608                                   {product} {ergonomic}
    uintx NonNMethodCodeHeapSize                   = 5839372                                {pd product} {ergonomic}
    uintx NonProfiledCodeHeapSize                  = 122909434                              {pd product} {ergonomic}
    uintx ProfiledCodeHeapSize                     = 122909434                              {pd product} {ergonomic}
    uintx ReservedCodeCacheSize                    = 251658240                              {pd product} {ergonomic}
     bool SegmentedCodeCache                       = true                                      {product} {ergonomic}
   size_t SoftMaxHeapSize                          = 2147483648                             {manageable} {ergonomic}
     bool UseCompressedOops                        = true                           {product lp64_product} {ergonomic}
     bool UseG1GC                                  = true                                      {product} {ergonomic}
     bool UseLargePagesIndividualAllocation        = false                                  {pd product} {ergonomic}

Logging:
Log output configuration:
 #0: stdout all=warning uptime,level,tags foldmultilines=false
 #1: stderr all=off uptime,level,tags foldmultilines=false

Environment Variables:
PATH=C:\Program Files\Common Files\Oracle\Java\javapath;C:\Python312\Scripts\;C:\Python312\;C:\Windows\System32;C:\Windows;C:\Windows\System32\wbem;C:\Windows\System32\WindowsPowerShell\v1.0\;C:\Windows\System32\OpenSSH\;C:\Program Files (x86)\NVIDIA Corporation\PhysX\Common;C:\Program Files\NVIDIA Corporation\NVIDIA NvDLISR;C:\Program Files\Git\cmd;C:\Windows\System32;C:\Windows;C:\Windows\System32\wbem;C:\Windows\System32\WindowsPowerShell\v1.0\;C:\Windows\System32\OpenSSH\;C:\Program Files\wkhtmltopdf\bin;C:\ProgramData\chocolatey\bin;C:\Program Files (x86)\Yarn\bin\;C:\Program Files (x86)\cloudflared;C:\Program Files\MongoDB\Server\7.0\bin;C:\Users\igors\AppData\Roaming\nvm;C:\Program Files\nodejs;C:\Program Files\Docker\Docker\resources\bin;C:\Program Files\LibreOffice\program;C:\Program Files\nodejs\;C:\winlibs-x86_64-posix-seh-gcc-15.2.0-mingw-w64msvcrt-13.0.0-r1\mingw64\bin;C:\Program Files\PowerShell\7\;C:\Users\igors\.cargo\bin;C:\Users\igors\.local\bin;C:\Ruby32-x64\bin;C:\Users\igors\AppData\Local\pnpm;C:\Users\igors\AppData\Local\Programs\Python\Python311\Scripts\;C:\Users\igors\AppData\Local\Programs\Python\Python311\;C:\Users\igors\AppData\Local\Microsoft\WindowsApps;C:\Users\igors\AppData\Local\Programs\Microsoft VS Code\bin;C:\Users\igors\AppData\Local\Yarn\bin;C:\flutter\bin;C:\Users\igors\AppData\Roaming\nvm;C:\Program Files\nodejs;C:\ffmpeg;C:\Users\igors\.bun\bin;C:\Users\igors\AppData\Roaming\npm
USERNAME=igors
OS=Windows_NT
PROCESSOR_IDENTIFIER=Intel64 Family 6 Model 140 Stepping 1, GenuineIntel
TMP=C:\Users\igors\AppData\Local\Temp
TEMP=C:\Users\igors\AppData\Local\Temp




Periodic native trim disabled

JNI global refs:
JNI global refs: 27, weak refs: 0

JNI global refs memory usage: 835, weak refs: 201

Process memory usage:
Resident Set Size: 627720K (7% of 8166712K total physical memory with 500552K free physical memory)

OOME stack traces (most recent first):
Classloader memory used:
Loader org.gradle.internal.classloader.VisitableURLClassLoader                         : 112M
Loader org.gradle.internal.classloader.VisitableURLClassLoader$InstrumentingVisitableURLClassLoader: 33760K
Loader bootstrap                                                                       : 32219K
Loader org.gradle.initialization.MixInLegacyTypesClassLoader                           : 13252K
Loader org.gradle.internal.classloader.VisitableURLClassLoader                         : 2045K
Loader jdk.internal.loader.ClassLoaders$PlatformClassLoader                            : 677K
Loader jdk.internal.reflect.DelegatingClassLoader                                      : 488K
Loader jdk.internal.jrtfs.JrtFileSystemProvider$JrtFsLoader                            : 341K
Loader jdk.internal.loader.ClassLoaders$AppClassLoader                                 : 236K
Loader org.gradle.groovy.scripts.internal.DefaultScriptCompilationHandler$ScriptClassLoader: 90104B
Loader org.codehaus.groovy.runtime.callsite.CallSiteClassLoader                        : 49032B

Classes loaded by more than one classloader:
Class Program                                                                         : loaded 5 times (x 72B)
Class org.gradle.api.Action                                                           : loaded 3 times (x 70B)
Class org.gradle.internal.Cast                                                        : loaded 3 times (x 71B)
Class Build_gradle$1                                                                  : loaded 3 times (x 75B)
Class org.gradle.internal.IoActions                                                   : loaded 3 times (x 71B)
Class org.gradle.api.UncheckedIOException                                             : loaded 3 times (x 82B)
Class org.gradle.api.GradleException                                                  : loaded 3 times (x 82B)
Class Build_gradle                                                                    : loaded 3 times (x 131B)
Class com.intellij.gradle.toolingExtension.impl.model.sourceSetModel.GradleSourceSetSerialisationService$Companion: loaded 2 times (x 71B)
Class kotlin.collections.CollectionsKt__ReversedViewsKt                               : loaded 2 times (x 71B)
Class org.gradle.internal.classloader.ClassLoaderHierarchy                            : loaded 2 times (x 70B)
Class com.google.common.collect.ImmutableEnumSet                                      : loaded 2 times (x 146B)
Class com.google.common.util.concurrent.ExecutionError                                : loaded 2 times (x 82B)
Class com.google.common.collect.ImmutableList$1                                       : loaded 2 times (x 97B)
Class org.jetbrains.plugins.gradle.tooling.util.IntObjectMap$ObjectFactory            : loaded 2 times (x 70B)
Class org.gradle.api.internal.classpath.ManifestUtil                                  : loaded 2 times (x 71B)
Class com.google.common.collect.RegularImmutableMap                                   : loaded 2 times (x 121B)
Class com.google.common.collect.ImmutableMap$MapViewOfValuesAsSingletonSets           : loaded 2 times (x 126B)
Class org.jetbrains.plugins.gradle.model.AnnotationProcessingModel                    : loaded 2 times (x 70B)
Class org.jetbrains.plugins.gradle.model.GradleExtensions                             : loaded 2 times (x 70B)
Class org.gradle.tooling.internal.adapter.TargetTypeProvider                          : loaded 2 times (x 70B)
Class [Lorg.objectweb.asm.Symbol;                                                     : loaded 2 times (x 69B)
Class org.objectweb.asm.ClassVisitor                                                  : loaded 2 times (x 88B)
Class com.google.common.collect.UnmodifiableListIterator                              : loaded 2 times (x 95B)
Class jdk.internal.jimage.decompressor.StringSharingDecompressorFactory               : loaded 2 times (x 74B)
Class org.gradle.internal.operations.MultipleBuildOperationFailures                   : loaded 2 times (x 95B)
Class com.google.common.base.Platform$JdkPatternCompiler                              : loaded 2 times (x 75B)
Class org.objectweb.asm.MethodTooLargeException                                       : loaded 2 times (x 83B)
Class [Lcom.google.common.cache.CacheBuilder$OneWeigher;                              : loaded 2 times (x 69B)
Class com.google.common.base.Suppliers                                                : loaded 2 times (x 71B)
Class com.intellij.util.containers.IntObjectHashMap$ArrayProducer                     : loaded 2 times (x 70B)
Class org.gradle.internal.classloader.DefaultClassLoaderFactory                       : loaded 2 times (x 82B)
Class kotlin.collections.AbstractList$Companion                                       : loaded 2 times (x 71B)
Class org.gradle.internal.classloader.ClassLoaderVisitor                              : loaded 2 times (x 76B)
Class [Lcom.google.common.collect.ImmutableMapEntry;                                  : loaded 2 times (x 69B)
Class org.jetbrains.plugins.gradle.tooling.serialization.internal.IdeaProjectSerializationService: loaded 2 times (x 77B)
Class org.gradle.api.internal.classpath.EffectiveClassPath                            : loaded 2 times (x 90B)
Class [Lorg.jetbrains.kotlin.config.LanguageOrApiVersion;                             : loaded 2 times (x 69B)
Class com.google.common.collect.ImmutableRangeSet                                     : loaded 2 times (x 115B)
Class com.google.common.collect.ListMultimap                                          : loaded 2 times (x 70B)
Class com.google.common.collect.ImmutableEnumMap                                      : loaded 2 times (x 126B)
Class org.gradle.tooling.internal.gradle.DefaultProjectIdentifier                     : loaded 2 times (x 86B)
Class com.google.common.collect.Sets$1                                                : loaded 2 times (x 139B)
Class org.objectweb.asm.AnnotationVisitor                                             : loaded 2 times (x 78B)
Class com.intellij.gradle.toolingExtension.impl.model.buildScriptClasspathModel.GradleBuildScriptClasspathSerializationService$ReadContext: loaded 2 times (x 72B)
Class org.gradle.internal.impldep.gnu.trove.TObjectIntHashMap                         : loaded 2 times (x 109B)
Class org.gradle.api.internal.DefaultClassPathProvider                                : loaded 2 times (x 76B)
Class com.google.common.collect.Sets$2                                                : loaded 2 times (x 139B)
Class sync_studio_tooling_9qh8k4y7fv0p3rj96mtid2zp1                                   : loaded 2 times (x 179B)
Class [Lorg.gradle.api.internal.ClassPathProvider;                                    : loaded 2 times (x 69B)
Class org.gradle.api.internal.ClassPathProvider                                       : loaded 2 times (x 70B)
Class org.jetbrains.kotlin.config.LanguageVersion$Companion                           : loaded 2 times (x 71B)
Class [Lorg.objectweb.asm.AnnotationVisitor;                                          : loaded 2 times (x 69B)
Class com.google.common.collect.Sets$3                                                : loaded 2 times (x 139B)
Class com.google.common.util.concurrent.AbstractFuture$SafeAtomicHelper               : loaded 2 times (x 79B)
Class com.google.common.cache.LocalCache$LocalLoadingCache                            : loaded 2 times (x 134B)
Class jdk.internal.jrtfs.SystemImage                                                  : loaded 2 times (x 74B)
Class org.gradle.internal.impldep.gnu.trove.TObjectHash$NULL                          : loaded 2 times (x 71B)
Class org.gradle.internal.service.UnknownServiceException                             : loaded 2 times (x 83B)
Class com.google.common.collect.Sets$4                                                : loaded 2 times (x 139B)
Class org.objectweb.asm.ModuleVisitor                                                 : loaded 2 times (x 81B)
Class com.google.common.cache.LocalCache$Strength$1                                   : loaded 2 times (x 81B)
Class org.jetbrains.kotlin.idea.gradleTooling.KotlinDslScriptAdditionalTask           : loaded 2 times (x 70B)
Class org.jetbrains.plugins.gradle.model.ClasspathEntryModel                          : loaded 2 times (x 70B)
Class com.google.common.util.concurrent.SettableFuture                                : loaded 2 times (x 114B)
Class com.google.common.cache.LocalCache$Strength$2                                   : loaded 2 times (x 81B)
Class org.jetbrains.plugins.gradle.tooling.serialization.GradleExtensionsSerializationService: loaded 2 times (x 77B)
Class org.gradle.tooling.model.Dependency                                             : loaded 2 times (x 70B)
Class com.google.common.cache.LocalCache$Strength$3                                   : loaded 2 times (x 81B)
Class com.google.common.collect.MapDifference                                         : loaded 2 times (x 70B)
Class com.intellij.openapi.externalSystem.model.project.dependencies.ResolutionState  : loaded 2 times (x 79B)
Class kotlin.collections.CollectionsKt__CollectionsKt                                 : loaded 2 times (x 71B)
Class org.objectweb.asm.FieldWriter                                                   : loaded 2 times (x 78B)
Class com.google.common.cache.CacheBuilder$NullListener                               : loaded 2 times (x 82B)
Class org.gradle.internal.classpath.TransformedClassPath                              : loaded 2 times (x 96B)
Class org.gradle.internal.classloader.InstrumentingClassLoader                        : loaded 2 times (x 70B)
Class com.google.common.collect.ImmutableRangeSet$AsSet                               : loaded 2 times (x 300B)
Class com.google.common.cache.CacheLoader$FunctionToCacheLoader                       : loaded 2 times (x 75B)
Class com.google.common.collect.Iterators$ArrayItr                                    : loaded 2 times (x 97B)
Class com.google.common.collect.ImmutableCollection$Builder                           : loaded 2 times (x 76B)
Class jdk.internal.jrtfs.SystemImage$1                                                : loaded 2 times (x 78B)
Class kotlin.enums.EnumEntriesList                                                    : loaded 2 times (x 223B)
Class com.google.common.base.Joiner                                                   : loaded 2 times (x 79B)
Class com.google.common.base.MoreObjects                                              : loaded 2 times (x 71B)
Class jdk.internal.jrtfs.SystemImage$2                                                : loaded 2 times (x 76B)
Class kotlin.collections.CollectionsKt__IteratorsJVMKt                                : loaded 2 times (x 71B)
Class org.jetbrains.kotlin.config.LanguageOrApiVersion                                : loaded 2 times (x 70B)
Class com.google.common.collect.Platform                                              : loaded 2 times (x 71B)
Class [Lorg.objectweb.asm.Type;                                                       : loaded 2 times (x 69B)
Class com.google.common.collect.UnmodifiableIterator                                  : loaded 2 times (x 80B)
Class org.jetbrains.kotlin.idea.gradleTooling.KotlinSourceSetContainer                : loaded 2 times (x 70B)
Class org.jetbrains.plugins.gradle.model.IntelliJSettings                             : loaded 2 times (x 70B)
Class org.gradle.internal.service.ServiceLocator                                      : loaded 2 times (x 70B)
Class com.google.common.base.Ascii                                                    : loaded 2 times (x 71B)
Class com.google.common.collect.SingletonImmutableBiMap                               : loaded 2 times (x 143B)
Class com.google.common.cache.LocalCache$1                                            : loaded 2 times (x 89B)
Class com.google.common.collect.AbstractMapEntry                                      : loaded 2 times (x 81B)
Class jdk.internal.jrtfs.JrtFileSystemProvider                                        : loaded 2 times (x 101B)
Class com.intellij.gradle.toolingExtension.util.GradleVersionUtil                     : loaded 2 times (x 71B)
Class org.gradle.tooling.model.UnsupportedMethodException                             : loaded 2 times (x 82B)
Class com.google.common.collect.Sets$ImprovedAbstractSet                              : loaded 2 times (x 135B)
Class com.google.common.collect.ImmutableList$Builder                                 : loaded 2 times (x 77B)
Class com.google.common.collect.AbstractMultimap                                      : loaded 2 times (x 123B)
Class com.google.common.cache.LocalCache$2                                            : loaded 2 times (x 142B)
Class kotlin.collections.CollectionsKt__MutableCollectionsKt                          : loaded 2 times (x 71B)
Class org.jetbrains.kotlin.config.MavenComparableVersion$IntegerItem                  : loaded 2 times (x 80B)
Class com.google.common.collect.ImmutableRangeSet$1                                   : loaded 2 times (x 210B)
Class com.google.common.util.concurrent.AbstractFuture$UnsafeAtomicHelper$1           : loaded 2 times (x 76B)
Class com.google.common.collect.RegularImmutableAsList                                : loaded 2 times (x 217B)
Class org.jetbrains.plugins.gradle.tooling.serialization.AnnotationProcessingModelSerializationService$WriteContext: loaded 2 times (x 72B)
Class org.gradle.internal.impldep.gnu.trove.THash                                     : loaded 2 times (x 81B)
Class com.google.common.collect.Range                                                 : loaded 2 times (x 87B)
Class com.google.common.util.concurrent.AbstractFuture$Trusted                        : loaded 2 times (x 70B)
Class com.google.common.collect.Iterators                                             : loaded 2 times (x 71B)
Class org.jetbrains.plugins.gradle.tooling.serialization.ProjectDependenciesSerializationService$WriteContext: loaded 2 times (x 72B)
Class org.jetbrains.plugins.gradle.tooling.serialization.ProjectDependenciesSerializationService: loaded 2 times (x 77B)
Class org.gradle.tooling.internal.adapter.CollectionMapper                            : loaded 2 times (x 73B)
Class com.google.common.collect.Lists$StringAsImmutableList                           : loaded 2 times (x 207B)
Class com.google.common.util.concurrent.UncheckedExecutionException                   : loaded 2 times (x 82B)
Class org.gradle.kotlin.dsl.VersionCatalogAccessorsKt                                 : loaded 2 times (x 71B)
Class jdk.internal.jimage.ImageLocation                                               : loaded 2 times (x 90B)
Class jdk.internal.jrtfs.JrtDirectoryStream$1                                         : loaded 2 times (x 83B)
Class org.gradle.internal.impldep.gnu.trove.Equality                                  : loaded 2 times (x 70B)
Class org.jetbrains.kotlin.config.MavenComparableVersion                              : loaded 2 times (x 78B)
Class com.intellij.gradle.toolingExtension.impl.model.buildScriptClasspathModel.GradleBuildScriptClasspathSerializationService$WriteContext: loaded 2 times (x 72B)
Class org.gradle.tooling.internal.adapter.ProtocolToModelAdapter                      : loaded 2 times (x 80B)
Class org.gradle.internal.InternalTransformer                                         : loaded 2 times (x 70B)
Class com.google.common.collect.AbstractMapBasedMultimap$KeySet$1                     : loaded 2 times (x 82B)
Class org.objectweb.asm.ClassWriter                                                   : loaded 2 times (x 106B)
Class com.google.common.base.CharMatcher$And                                          : loaded 2 times (x 112B)
Class com.google.common.cache.CacheLoader$UnsupportedLoadingOperationException        : loaded 2 times (x 82B)
Class jdk.internal.jimage.ImageBufferCache$1                                          : loaded 2 times (x 83B)
Class org.gradle.internal.impldep.gnu.trove.TObjectCanonicalHashingStrategy           : loaded 2 times (x 80B)
Class org.gradle.internal.time.DefaultTimer                                           : loaded 2 times (x 80B)
Class org.gradle.internal.classloader.ClasspathUtil$1                                 : loaded 2 times (x 76B)
Class com.google.common.base.Objects                                                  : loaded 2 times (x 71B)
Class org.objectweb.asm.FieldVisitor                                                  : loaded 2 times (x 77B)
Class com.google.common.collect.IndexedImmutableSet                                   : loaded 2 times (x 152B)
Class com.google.common.collect.ImmutableMap$1                                        : loaded 2 times (x 81B)
Class com.google.common.collect.BiMap                                                 : loaded 2 times (x 70B)
Class jdk.internal.jimage.ImageBufferCache$2                                          : loaded 2 times (x 91B)
Class org.gradle.api.internal.classpath.DefaultModuleRegistry$DefaultModule           : loaded 2 times (x 86B)
Class com.google.common.primitives.Ints                                               : loaded 2 times (x 71B)
Class com.google.common.collect.AbstractIterator                                      : loaded 2 times (x 82B)
Class com.google.common.collect.ObjectArrays                                          : loaded 2 times (x 71B)
Class com.google.common.collect.Multiset                                              : loaded 2 times (x 70B)
Class com.google.common.collect.ArrayListMultimapGwtSerializationDependencies         : loaded 2 times (x 172B)
Class com.google.common.collect.AbstractIndexedListIterator                           : loaded 2 times (x 96B)
Class com.google.common.math.MathPreconditions                                        : loaded 2 times (x 71B)
Class org.jetbrains.plugins.gradle.model.ExternalTask                                 : loaded 2 times (x 70B)
Class org.gradle.internal.time.DefaultCountdownTimer                                  : loaded 2 times (x 88B)
Class com.google.common.collect.ImmutableMapEntrySet                                  : loaded 2 times (x 152B)
Class org.jetbrains.plugins.gradle.model.GradleTaskModel                              : loaded 2 times (x 70B)
Class org.jetbrains.plugins.gradle.tooling.util.ObjectCollector                       : loaded 2 times (x 72B)
Class org.gradle.tooling.internal.gradle.DefaultBuildIdentifier                       : loaded 2 times (x 79B)
Class kotlin.Function                                                                 : loaded 2 times (x 70B)
Class org.gradle.api.internal.classpath.Module                                        : loaded 2 times (x 70B)
Class com.google.common.cache.Weigher                                                 : loaded 2 times (x 70B)
Class com.intellij.openapi.externalSystem.model.project.IExternalSystemSourceType     : loaded 2 times (x 70B)
Class org.gradle.api.internal.classpath.UnknownModuleException                        : loaded 2 times (x 82B)
Class org.jetbrains.kotlin.config.ApiVersion                                          : loaded 2 times (x 86B)
Class com.google.common.base.Stopwatch                                                : loaded 2 times (x 72B)
Class com.google.common.cache.LocalCache$Strength                                     : loaded 2 times (x 81B)
Class com.google.common.cache.Cache                                                   : loaded 2 times (x 70B)
Class jdk.internal.jimage.ImageHeader                                                 : loaded 2 times (x 71B)
Class com.intellij.openapi.externalSystem.model.project.dependencies.ProjectDependencies: loaded 2 times (x 70B)
Class org.jetbrains.plugins.gradle.tooling.serialization.ProjectDependenciesSerializationService$ReadContext: loaded 2 times (x 72B)
Class org.gradle.internal.impldep.gnu.trove.TObjectIdentityHashingStrategy            : loaded 2 times (x 78B)
Class com.google.common.util.concurrent.AbstractFuture$Cancellation                   : loaded 2 times (x 72B)
Class com.google.common.collect.ImmutableMap$Builder                                  : loaded 2 times (x 82B)
Class com.google.common.cache.RemovalListener                                         : loaded 2 times (x 70B)
Class org.jetbrains.plugins.gradle.tooling.serialization.RepositoriesModelSerializationService: loaded 2 times (x 82B)
Class org.gradle.tooling.internal.gradle.GradleProjectIdentity                        : loaded 2 times (x 70B)
Class org.gradle.api.internal.DefaultClassPathRegistry                                : loaded 2 times (x 76B)
Class com.google.common.primitives.IntsMethodsForWeb                                  : loaded 2 times (x 71B)
Class com.google.common.collect.Multimap                                              : loaded 2 times (x 70B)
Class org.jetbrains.plugins.gradle.tooling.serialization.RepositoriesModelSerializationService$ReadContext: loaded 2 times (x 72B)
Class org.gradle.api.internal.ClassPathRegistry                                       : loaded 2 times (x 70B)
Class org.gradle.internal.classpath.DefaultClassPath$ImmutableUniqueList              : loaded 2 times (x 199B)
Class com.google.common.base.ExtraObjectsMethodsForWeb                                : loaded 2 times (x 71B)
Class jdk.internal.jimage.decompressor.ResourceDecompressor                           : loaded 2 times (x 70B)
Class com.intellij.gradle.toolingExtension.impl.model.projectModel.GradleExternalProjectSerializationService$WriteContext: loaded 2 times (x 73B)
Class jdk.internal.jimage.BasicImageReader                                            : loaded 2 times (x 95B)
Class com.google.common.cache.CacheBuilder                                            : loaded 2 times (x 72B)
Class com.google.common.collect.SingletonImmutableList                                : loaded 2 times (x 207B)
Class Settings_gradle$1                                                               : loaded 2 times (x 74B)
Class com.google.common.base.CharMatcher$IsEither                                     : loaded 2 times (x 111B)
Class org.gradle.internal.classpath.ClassPath                                         : loaded 2 times (x 70B)
Class com.google.common.base.JdkPattern                                               : loaded 2 times (x 75B)
Class com.google.common.collect.ImmutableList$ReverseImmutableList                    : loaded 2 times (x 209B)
Class org.jetbrains.plugins.gradle.tooling.serialization.KotlinDslScriptsModelSerializationService: loaded 2 times (x 81B)
Class org.jetbrains.kotlin.cli.common.arguments.Freezable                             : loaded 2 times (x 72B)
Class org.objectweb.asm.SymbolTable$Entry                                             : loaded 2 times (x 74B)
Class com.google.common.util.concurrent.AbstractFuture$AtomicHelper                   : loaded 2 times (x 78B)
Class org.jetbrains.kotlin.idea.gradleTooling.KotlinGradleModel                       : loaded 2 times (x 70B)
Class org.jetbrains.plugins.gradle.tooling.serialization.ExternalTestsSerializationService$WriteContext: loaded 2 times (x 72B)
Class org.objectweb.asm.Edge                                                          : loaded 2 times (x 72B)
Class com.google.common.base.Suppliers$SupplierOfInstance                             : loaded 2 times (x 79B)
Class com.google.common.collect.Iterators$1                                           : loaded 2 times (x 81B)
Class jdk.internal.jimage.ImageStringsReader                                          : loaded 2 times (x 80B)
Class org.gradle.tooling.model.Model                                                  : loaded 2 times (x 70B)
Class com.google.common.cache.LocalCache$ComputingValueReference                      : loaded 2 times (x 96B)
Class com.google.common.collect.SingletonImmutableSet                                 : loaded 2 times (x 146B)
Class com.google.common.collect.ImmutableMap$IteratorBasedImmutableMap                : loaded 2 times (x 126B)
Class kotlin.UninitializedPropertyAccessException                                     : loaded 2 times (x 82B)
Class com.google.common.cache.LocalCache$Segment                                      : loaded 2 times (x 154B)
Class jdk.internal.jimage.ImageReader                                                 : loaded 2 times (x 75B)
Class org.jetbrains.plugins.gradle.model.IntelliJProjectSettings                      : loaded 2 times (x 70B)
Class org.gradle.tooling.internal.adapter.ProtocolToModelAdapter$MethodInvocationCache: loaded 2 times (x 73B)
Class org.jetbrains.kotlin.utils.DescriptionAware                                     : loaded 2 times (x 70B)
Class com.google.common.collect.SortedIterable                                        : loaded 2 times (x 70B)
Class com.google.common.collect.AbstractListMultimap                                  : loaded 2 times (x 172B)
Class org.gradle.internal.classloader.FilteringClassLoader                            : loaded 2 times (x 105B)
Class com.google.common.cache.CacheLoader                                             : loaded 2 times (x 74B)
Class com.google.common.collect.Iterators$4                                           : loaded 2 times (x 82B)
Class com.google.common.collect.ImmutableBiMap                                        : loaded 2 times (x 143B)
Class jdk.internal.jimage.ImageReader$SharedImageReader                               : loaded 2 times (x 95B)
Class org.jetbrains.plugins.gradle.model.ExternalDependency                           : loaded 2 times (x 70B)
Class com.intellij.util.containers.IntObjectHashMap                                   : loaded 2 times (x 72B)
Class org.gradle.internal.installation.GradleInstallation$1                           : loaded 2 times (x 75B)
Class org.gradle.api.internal.classpath.ModuleRegistry                                : loaded 2 times (x 70B)
Class com.google.common.util.concurrent.internal.InternalFutureFailureAccess          : loaded 2 times (x 72B)
Class com.google.common.collect.Iterators$5                                           : loaded 2 times (x 82B)
Class com.google.common.collect.ImmutableSet$JdkBackedSetBuilderImpl                  : loaded 2 times (x 76B)
Class jdk.internal.jimage.decompressor.ResourceDecompressorFactory                    : loaded 2 times (x 74B)
Class org.jetbrains.plugins.gradle.model.VersionCatalogsModel                         : loaded 2 times (x 70B)
Class com.intellij.gradle.toolingExtension.impl.model.sourceSetDependencyModel.GradleSourceSetDependencySerialisationService$SourceSetDependencyModelReadContext: loaded 2 times (x 72B)
Class com.intellij.gradle.toolingExtension.impl.model.dependencyModel.DependencyReadContext: loaded 2 times (x 72B)
Class org.gradle.tooling.internal.adapter.ObjectGraphAdapter                          : loaded 2 times (x 70B)
Class com.google.common.util.concurrent.AbstractFuture$UnsafeAtomicHelper             : loaded 2 times (x 78B)
Class com.google.common.base.CharMatcher$ForPredicate                                 : loaded 2 times (x 112B)
Class com.google.common.cache.LocalCache$LocalManualCache$1                           : loaded 2 times (x 75B)
Class org.jetbrains.plugins.gradle.model.ExternalSourceSet                            : loaded 2 times (x 70B)
Class com.intellij.gradle.toolingExtension.impl.model.warmUp.GradleTaskWarmUpRequest  : loaded 2 times (x 70B)
Class com.google.common.base.CharMatcher$AnyOf                                        : loaded 2 times (x 112B)
Class com.google.common.collect.ImmutableCollection                                   : loaded 2 times (x 125B)
Class jdk.internal.jimage.ImageReader$Node                                            : loaded 2 times (x 84B)
Class com.intellij.gradle.toolingExtension.impl.model.sourceSetArtifactIndex.GradleSourceSetArtifactBuildRequest: loaded 2 times (x 70B)
Class kotlin.collections.CollectionsKt__CollectionsJVMKt                              : loaded 2 times (x 71B)
Class org.gradle.api.internal.classpath.DefaultModuleRegistry                         : loaded 2 times (x 86B)
Class com.google.common.collect.Lists                                                 : loaded 2 times (x 71B)
Class com.google.common.util.concurrent.ListenableFuture                              : loaded 2 times (x 70B)
Class com.google.common.cache.ReferenceEntry                                          : loaded 2 times (x 70B)
Class com.google.common.base.Converter                                                : loaded 2 times (x 90B)
Class com.google.common.collect.ImmutableSet$CachingAsList                            : loaded 2 times (x 148B)
Class jdk.internal.jimage.BasicImageReader$1                                          : loaded 2 times (x 77B)
Class org.jetbrains.plugins.gradle.tooling.serialization.internal.IdeaProjectSerializationService$WriteContext$1: loaded 2 times (x 83B)
Class org.jetbrains.plugins.gradle.model.ExternalProject                              : loaded 2 times (x 70B)
Class kotlin.collections.CollectionsKt__IteratorsKt                                   : loaded 2 times (x 71B)
Class com.google.common.collect.AbstractMapBasedMultimap                              : loaded 2 times (x 139B)
Class com.google.common.util.concurrent.AbstractFuture                                : loaded 2 times (x 106B)
Class com.google.common.base.FunctionalEquivalence                                    : loaded 2 times (x 83B)
Class com.google.common.collect.Iterators$9                                           : loaded 2 times (x 81B)
Class com.google.common.collect.ImmutableAsList                                       : loaded 2 times (x 209B)
Class org.jetbrains.plugins.gradle.tooling.serialization.internal.IdeaProjectSerializationService$WriteContext$2: loaded 2 times (x 83B)
Class org.objectweb.asm.RecordComponentVisitor                                        : loaded 2 times (x 77B)
Class com.google.common.cache.CacheLoader$SupplierToCacheLoader                       : loaded 2 times (x 75B)
Class org.jetbrains.plugins.gradle.tooling.serialization.AnnotationProcessingModelSerializationService$ReadContext: loaded 2 times (x 72B)
Class org.jetbrains.plugins.gradle.tooling.serialization.internal.IdeaProjectSerializationService$WriteContext$3: loaded 2 times (x 83B)
Class org.gradle.util.internal.DefaultGradleVersion$Stage                             : loaded 2 times (x 75B)
Class [Lorg.jetbrains.kotlin.config.LanguageVersion;                                  : loaded 2 times (x 69B)
Class com.google.common.collect.Maps$EntryTransformer                                 : loaded 2 times (x 70B)
Class jdk.internal.jimage.decompressor.Decompressor                                   : loaded 2 times (x 72B)
Class jdk.internal.jimage.ImageReader$Resource                                        : loaded 2 times (x 84B)
Class org.jetbrains.plugins.gradle.tooling.serialization.internal.IdeaProjectSerializationService$WriteContext$4: loaded 2 times (x 83B)
Class com.intellij.gradle.toolingExtension.impl.model.sourceSetDependencyModel.GradleSourceSetDependencySerialisationService$Companion: loaded 2 times (x 71B)
Class org.gradle.internal.time.MonotonicClock                                         : loaded 2 times (x 77B)
Class org.gradle.internal.service.ServiceLookupException                              : loaded 2 times (x 82B)
Class com.google.common.collect.ImmutableSortedSet                                    : loaded 2 times (x 300B)
Class [Lcom.google.common.cache.LocalCache$EntryFactory;                              : loaded 2 times (x 69B)
Class jdk.internal.jrtfs.JrtFileAttributes                                            : loaded 2 times (x 83B)
Class org.jetbrains.plugins.gradle.tooling.serialization.internal.IdeaProjectSerializationService$WriteContext$5: loaded 2 times (x 83B)
Class com.intellij.gradle.toolingExtension.impl.model.sourceSetDependencyModel.GradleSourceSetDependencySerialisationService$SourceSetDependencyModelWriteContext: loaded 2 times (x 72B)
Class org.gradle.internal.classloader.ClassLoaderFactory                              : loaded 2 times (x 70B)
Class com.google.common.base.CommonPattern                                            : loaded 2 times (x 74B)
Class com.google.common.base.CharMatcher$IsNot                                        : loaded 2 times (x 111B)
Class com.google.common.cache.LocalCache$LocalManualCache                             : loaded 2 times (x 99B)
Class org.jetbrains.plugins.gradle.tooling.serialization.internal.IdeaProjectSerializationService$WriteContext$6: loaded 2 times (x 83B)
Class org.jetbrains.plugins.gradle.tooling.util.IntObjectMap                          : loaded 2 times (x 73B)
Class org.gradle.internal.service.CachingServiceLocator                               : loaded 2 times (x 82B)
Class com.google.common.collect.AbstractMapBasedMultimap$KeySet                       : loaded 2 times (x 137B)
Class com.google.common.collect.RegularImmutableSortedSet                             : loaded 2 times (x 300B)
Class com.google.common.math.IntMath                                                  : loaded 2 times (x 71B)
Class org.jetbrains.plugins.gradle.model.RepositoryModels                             : loaded 2 times (x 70B)
Class org.jetbrains.plugins.gradle.tooling.serialization.internal.IdeaProjectSerializationService$WriteContext$7: loaded 2 times (x 83B)
Class org.objectweb.asm.commons.InstructionAdapter                                    : loaded 2 times (x 188B)
Class com.google.common.collect.ImmutableMapEntry                                     : loaded 2 times (x 85B)
Class org.jetbrains.plugins.gradle.tooling.serialization.internal.IdeaProjectSerializationService$WriteContext$8: loaded 2 times (x 83B)
Class org.gradle.internal.time.TimeSource                                             : loaded 2 times (x 70B)
Class org.gradle.tooling.model.kotlin.dsl.KotlinDslScriptsModel                       : loaded 2 times (x 70B)
Class com.google.common.base.Equivalence                                              : loaded 2 times (x 82B)
Class com.google.common.base.Function                                                 : loaded 2 times (x 70B)
Class com.google.common.collect.ImmutableMapEntry$NonTerminalImmutableMapEntry        : loaded 2 times (x 85B)
Class org.jetbrains.plugins.gradle.tooling.serialization.SerializationService         : loaded 2 times (x 70B)
Class org.gradle.tooling.internal.gradle.GradleBuildIdentity                          : loaded 2 times (x 70B)
Class kotlin.enums.EnumEntries                                                        : loaded 2 times (x 70B)
Class com.google.common.collect.IndexedImmutableSet$1                                 : loaded 2 times (x 213B)
Class com.google.common.cache.CacheBuilder$OneWeigher                                 : loaded 2 times (x 82B)
Class com.google.common.collect.RegularImmutableList                                  : loaded 2 times (x 213B)
Class org.jetbrains.plugins.gradle.tooling.serialization.internal.adapter.Supplier    : loaded 2 times (x 70B)
Class org.gradle.internal.exceptions.ResolutionProvider                               : loaded 2 times (x 70B)
Class jdk.internal.jimage.ImageBufferCache                                            : loaded 2 times (x 71B)
Class jdk.internal.jrtfs.JrtPath                                                      : loaded 2 times (x 118B)
Class org.gradle.tooling.model.ProjectIdentifier                                      : loaded 2 times (x 70B)
Class org.gradle.internal.classloader.ClasspathUtil                                   : loaded 2 times (x 71B)
Class org.jetbrains.kotlin.tooling.core.HasExtras                                     : loaded 2 times (x 70B)
Class com.google.common.base.Charsets                                                 : loaded 2 times (x 71B)
Class com.google.common.util.concurrent.Uninterruptibles                              : loaded 2 times (x 71B)
Class com.intellij.gradle.toolingExtension.impl.model.sourceSetModel.GradleSourceSetSerialisationService: loaded 2 times (x 77B)
Class com.google.common.collect.Maps                                                  : loaded 2 times (x 71B)
Class org.gradle.internal.time.TimeSource$1                                           : loaded 2 times (x 77B)
Class kotlin.jvm.internal.DefaultConstructorMarker                                    : loaded 2 times (x 71B)
Class org.gradle.api.specs.Spec                                                       : loaded 2 times (x 70B)
Class [Lcom.google.common.collect.ImmutableEntry;                                     : loaded 2 times (x 69B)
Class jdk.internal.jimage.ImageReader$SharedImageReader$LocationVisitor               : loaded 2 times (x 70B)
Class ijInit1_70s86weuocdg4ofsygz6rys7q                                               : loaded 2 times (x 179B)
Class com.google.common.cache.LocalCache$LoadingValueReference                        : loaded 2 times (x 96B)
Class com.intellij.gradle.toolingExtension.impl.model.buildScriptClasspathModel.GradleBuildScriptClasspathSerializationService: loaded 2 times (x 77B)
Class kotlin.NotImplementedError                                                      : loaded 2 times (x 82B)
Class com.google.common.base.Platform                                                 : loaded 2 times (x 71B)
Class jdk.internal.jimage.decompressor.ResourceDecompressorRepository                 : loaded 2 times (x 71B)
Class org.jetbrains.plugins.gradle.model.FileCollectionDependency                     : loaded 2 times (x 70B)
Class org.gradle.internal.impldep.gnu.trove.TObjectHashingStrategy                    : loaded 2 times (x 70B)
Class com.intellij.gradle.toolingExtension.impl.model.utilDummyModel.DummyModel       : loaded 2 times (x 70B)
Class org.gradle.internal.time.Clock                                                  : loaded 2 times (x 70B)
Class [Lorg.objectweb.asm.AnnotationWriter;                                           : loaded 2 times (x 69B)
Class com.google.common.collect.Maps$8                                                : loaded 2 times (x 82B)
Class jdk.internal.jimage.ImageReader$Directory                                       : loaded 2 times (x 84B)
Class org.jetbrains.plugins.gradle.model.GradleSourceSetDependencyModel               : loaded 2 times (x 70B)
Class org.gradle.tooling.internal.adapter.TypeInspector                               : loaded 2 times (x 73B)
Class org.gradle.tooling.internal.adapter.ProtocolToModelAdapter$NoOpDecoration       : loaded 2 times (x 79B)
Class org.gradle.tooling.model.Element                                                : loaded 2 times (x 70B)
Class kotlin.collections.AbstractList                                                 : loaded 2 times (x 197B)
Class kotlin.collections.AbstractCollection                                           : loaded 2 times (x 117B)
Class com.google.common.collect.ImmutableRangeSet$Builder                             : loaded 2 times (x 77B)
Class org.jetbrains.kotlin.tooling.core.Extras                                        : loaded 2 times (x 70B)
Class com.google.common.collect.Sets$SetView                                          : loaded 2 times (x 138B)
Class com.google.common.cache.LocalCache$StrongValueReference                         : loaded 2 times (x 90B)
Class com.google.common.util.concurrent.AbstractFuture$SynchronizedHelper             : loaded 2 times (x 78B)
Class com.intellij.gradle.toolingExtension.impl.model.taskModel.GradleTaskSerialisationService: loaded 2 times (x 76B)
Class org.objectweb.asm.Type                                                          : loaded 2 times (x 72B)
Class org.jetbrains.plugins.gradle.tooling.util.IntObjectMap$1                        : loaded 2 times (x 77B)
Class org.gradle.internal.impldep.com.google.common.base.Preconditions                : loaded 2 times (x 71B)
Class org.gradle.internal.classloader.VisitableURLClassLoader$InstrumentingVisitableURLClassLoader: loaded 2 times (x 123B)
Class org.objectweb.asm.ByteVector                                                    : loaded 2 times (x 79B)
Class [Lcom.google.common.cache.CacheBuilder$NullListener;                            : loaded 2 times (x 69B)
Class com.google.common.math.IntMath$1                                                : loaded 2 times (x 71B)
Class org.gradle.internal.classloader.VisitableURLClassLoader$Spec                    : loaded 2 times (x 74B)
Class org.gradle.internal.classpath.DefaultClassPath                                  : loaded 2 times (x 90B)
Class org.objectweb.asm.Symbol                                                        : loaded 2 times (x 73B)
Class jdk.internal.jimage.decompressor.ZipDecompressorFactory                         : loaded 2 times (x 74B)
Class org.jetbrains.plugins.gradle.model.GradleBuildScriptClasspathModel              : loaded 2 times (x 70B)
Class org.gradle.util.internal.DefaultGradleVersion                                   : loaded 2 times (x 80B)
Class org.jetbrains.kotlin.config.ApiVersion$Companion                                : loaded 2 times (x 71B)
Class com.google.common.base.CharMatcher$Ascii                                        : loaded 2 times (x 112B)
Class com.google.common.base.CharMatcher$BitSetMatcher                                : loaded 2 times (x 112B)
Class com.google.common.collect.RegularImmutableMap$Values                            : loaded 2 times (x 207B)
Class com.google.common.collect.ImmutableSet                                          : loaded 2 times (x 145B)
Class org.gradle.internal.classloader.ClassLoaderSpec                                 : loaded 2 times (x 71B)
Class org.objectweb.asm.AnnotationWriter                                              : loaded 2 times (x 79B)
Class com.google.common.cache.CacheStats                                              : loaded 2 times (x 71B)
Class kotlin.collections.CollectionsKt___CollectionsJvmKt                             : loaded 2 times (x 71B)
Class org.jetbrains.kotlin.config.MavenComparableVersion$ListItem                     : loaded 2 times (x 218B)
Class org.objectweb.asm.RecordComponentWriter                                         : loaded 2 times (x 78B)
Class com.google.common.util.concurrent.AbstractFuture$Listener                       : loaded 2 times (x 72B)
Class com.google.common.base.CharMatcher$Or                                           : loaded 2 times (x 112B)
Class Settings_gradle$1$1                                                             : loaded 2 times (x 74B)
Class kotlin.Unit                                                                     : loaded 2 times (x 71B)
Class [Lorg.jetbrains.kotlin.utils.DescriptionAware;                                  : loaded 2 times (x 69B)
Class org.objectweb.asm.Attribute                                                     : loaded 2 times (x 77B)
Class com.google.common.base.Supplier                                                 : loaded 2 times (x 70B)
Class org.gradle.internal.classloader.VisitableURLClassLoader                         : loaded 2 times (x 117B)
Class com.google.common.util.concurrent.AbstractFuture$Waiter                         : loaded 2 times (x 72B)
Class Settings_gradle                                                                 : loaded 2 times (x 128B)
Class org.jetbrains.plugins.gradle.tooling.serialization.ExternalTestsSerializationService$ReadContext: loaded 2 times (x 72B)
Class org.jetbrains.plugins.gradle.tooling.serialization.internal.IdeaProjectSerializationService$ReadContext: loaded 2 times (x 72B)
Class com.google.common.collect.RegularImmutableMap$KeySet                            : loaded 2 times (x 152B)
Class org.gradle.tooling.model.idea.IdeaDependency                                    : loaded 2 times (x 70B)
Class com.google.common.base.Strings                                                  : loaded 2 times (x 71B)
Class com.google.common.collect.Sets                                                  : loaded 2 times (x 71B)
Class org.objectweb.asm.Handler                                                       : loaded 2 times (x 72B)
Class com.google.common.base.CharMatcher$FastMatcher                                  : loaded 2 times (x 111B)
Class com.google.common.base.Ticker                                                   : loaded 2 times (x 72B)
Class jdk.internal.jimage.decompressor.ZipDecompressor                                : loaded 2 times (x 75B)
Class kotlin.jvm.functions.Function1                                                  : loaded 2 times (x 70B)
Class [Lcom.google.common.cache.LocalCache$Segment;                                   : loaded 2 times (x 69B)
Class com.google.common.base.Predicate                                                : loaded 2 times (x 70B)
Class [Lcom.google.common.cache.LocalCache$Strength;                                  : loaded 2 times (x 69B)
Class com.google.common.cache.CacheBuilder$1                                          : loaded 2 times (x 85B)
Class com.google.common.collect.ImmutableMap                                          : loaded 2 times (x 120B)
Class org.jetbrains.plugins.gradle.tooling.serialization.internal.IdeaProjectSerializationService$WriteContext: loaded 2 times (x 72B)
Class com.intellij.gradle.toolingExtension.impl.model.sourceSetDependencyModel.GradleSourceSetDependencySerialisationService: loaded 2 times (x 77B)
Class org.jetbrains.plugins.gradle.model.GradleSourceSetModel                         : loaded 2 times (x 70B)
Class org.gradle.internal.classpath.DefaultClassPath$ImmutableUniqueList$Builder      : loaded 2 times (x 75B)
Class com.google.common.collect.AbstractRangeSet                                      : loaded 2 times (x 114B)
Class com.google.common.base.CharMatcher$NegatedFastMatcher                           : loaded 2 times (x 113B)
Class com.google.common.cache.LocalCache                                              : loaded 2 times (x 187B)
Class com.google.common.cache.CacheBuilder$2                                          : loaded 2 times (x 79B)
Class org.jetbrains.kotlin.cli.common.arguments.K2JVMCompilerArguments                : loaded 2 times (x 81B)
Class org.jetbrains.kotlin.config.LanguageVersion                                     : loaded 2 times (x 91B)
Class com.google.common.collect.ArrayListMultimap                                     : loaded 2 times (x 172B)
Class com.google.common.cache.CacheBuilder$3                                          : loaded 2 times (x 72B)
Class [Lcom.google.common.collect.AbstractMapEntry;                                   : loaded 2 times (x 69B)
Class com.google.common.collect.ImmutableEntry                                        : loaded 2 times (x 82B)
Class org.jetbrains.plugins.gradle.tooling.util.ObjectCollector$Processor             : loaded 2 times (x 70B)
Class kotlin.collections.CollectionsKt___CollectionsKt                                : loaded 2 times (x 71B)
Class com.google.common.base.Equivalence$Identity                                     : loaded 2 times (x 82B)
Class org.gradle.internal.exceptions.NonGradleCauseExceptionsHolder                   : loaded 2 times (x 70B)
Class org.gradle.tooling.model.idea.IdeaModuleDependency                              : loaded 2 times (x 70B)
Class org.gradle.tooling.internal.adapter.ViewBuilder                                 : loaded 2 times (x 70B)
Class com.google.common.collect.CollectPreconditions                                  : loaded 2 times (x 71B)
Class jdk.internal.jimage.ImageStrings                                                : loaded 2 times (x 70B)
Class org.jetbrains.plugins.gradle.model.AnnotationProcessingConfig                   : loaded 2 times (x 70B)
Class com.google.common.collect.SortedMapDifference                                   : loaded 2 times (x 70B)
Class org.jetbrains.plugins.gradle.tooling.ModelBuilderService$Parameter              : loaded 2 times (x 70B)
Class com.google.common.cache.LocalCache$WriteThroughEntry                            : loaded 2 times (x 79B)
Class com.google.common.cache.LocalCache$HashIterator                                 : loaded 2 times (x 86B)
Class org.jetbrains.kotlin.cli.common.arguments.CommonCompilerArguments               : loaded 2 times (x 80B)
Class com.google.common.cache.LocalCache$EntryFactory                                 : loaded 2 times (x 83B)
Class org.gradle.internal.impldep.gnu.trove.TObjectIntProcedure                       : loaded 2 times (x 70B)
Class org.gradle.tooling.internal.adapter.ProtocolToModelAdapter$ReflectionMethodInvoker: loaded 2 times (x 76B)
Class org.jetbrains.kotlin.tooling.core.HasMutableExtras                              : loaded 2 times (x 70B)
Class com.google.common.cache.LocalCache$AbstractReferenceEntry                       : loaded 2 times (x 107B)
Class kotlin.collections.CollectionsKt__MutableCollectionsJVMKt                       : loaded 2 times (x 71B)
Class [Lorg.objectweb.asm.SymbolTable$Entry;                                          : loaded 2 times (x 69B)
Class kotlin.enums.EnumEntriesKt                                                      : loaded 2 times (x 71B)
Class com.google.common.collect.ImmutableRangeSet$ComplementRanges                    : loaded 2 times (x 207B)
Class org.objectweb.asm.SymbolTable                                                   : loaded 2 times (x 72B)
Class com.google.common.cache.CacheLoader$InvalidCacheLoadException                   : loaded 2 times (x 82B)
Class com.google.common.collect.ImmutableSet$RegularSetBuilderImpl                    : loaded 2 times (x 77B)
Class com.intellij.gradle.toolingExtension.model.repositoryModel.ProjectRepositoriesModel: loaded 2 times (x 70B)
Class org.jetbrains.plugins.gradle.model.GradleProperty                               : loaded 2 times (x 70B)
Class org.gradle.internal.classloader.SystemClassLoaderSpec                           : loaded 2 times (x 71B)
Class com.google.common.cache.LocalCache$StrongEntry                                  : loaded 2 times (x 108B)
Class com.google.common.util.concurrent.AbstractFuture$TrustedFuture                  : loaded 2 times (x 114B)
Class com.google.common.cache.LoadingCache                                            : loaded 2 times (x 70B)
Class org.gradle.internal.exceptions.MultiCauseException                              : loaded 2 times (x 70B)
Class org.gradle.internal.time.CountdownTimer                                         : loaded 2 times (x 70B)
Class kotlin.jvm.internal.Intrinsics                                                  : loaded 2 times (x 71B)
Class org.objectweb.asm.MethodWriter                                                  : loaded 2 times (x 106B)
Class [Lcom.google.common.cache.Weigher;                                              : loaded 2 times (x 69B)
Class com.google.common.collect.RegularImmutableMap$BucketOverflowException           : loaded 2 times (x 82B)
Class jdk.internal.jrtfs.JrtFileSystem                                                : loaded 2 times (x 102B)
Class com.intellij.gradle.toolingExtension.impl.model.projectModel.GradleExternalProjectSerializationService$ReadContext: loaded 2 times (x 73B)
Class com.intellij.gradle.toolingExtension.impl.model.dependencyModel.DependencyWriteContext: loaded 2 times (x 72B)
Class kotlin.collections.CollectionsKt__IterablesKt                                   : loaded 2 times (x 71B)
Class org.gradle.tooling.model.ProjectModel                                           : loaded 2 times (x 70B)
Class jdk.internal.jimage.decompressor.CompressedResourceHeader                       : loaded 2 times (x 71B)
Class kotlin.KotlinNullPointerException                                               : loaded 2 times (x 83B)
Class com.google.common.collect.RegularImmutableBiMap                                 : loaded 2 times (x 149B)
Class com.google.common.base.CharMatcher$Negated                                      : loaded 2 times (x 113B)
Class com.google.common.base.CharMatcher$Is                                           : loaded 2 times (x 111B)
Class com.google.common.cache.LocalCache$ValueReference                               : loaded 2 times (x 70B)
Class org.jetbrains.plugins.gradle.model.tests.ExternalTestsModel                     : loaded 2 times (x 70B)
Class org.gradle.internal.exceptions.DefaultMultiCauseException                       : loaded 2 times (x 95B)
Class org.jetbrains.kotlin.cli.common.arguments.CommonToolArguments                   : loaded 2 times (x 73B)
Class com.google.common.base.PatternCompiler                                          : loaded 2 times (x 70B)
Class com.google.common.util.concurrent.AbstractFuture$Failure                        : loaded 2 times (x 72B)
Class com.google.common.base.Equivalence$Equals                                       : loaded 2 times (x 82B)
Class com.google.common.collect.Hashing                                               : loaded 2 times (x 71B)
Class com.google.common.base.Preconditions                                            : loaded 2 times (x 71B)
Class com.intellij.gradle.toolingExtension.impl.model.projectModel.GradleExternalProjectSerializationService: loaded 2 times (x 77B)
Class org.gradle.tooling.model.HierarchicalElement                                    : loaded 2 times (x 70B)
Class com.google.common.base.Joiner$1                                                 : loaded 2 times (x 80B)
Class org.objectweb.asm.Label                                                         : loaded 2 times (x 73B)
Class org.objectweb.asm.CurrentFrame                                                  : loaded 2 times (x 73B)
Class org.objectweb.asm.ClassTooLargeException                                        : loaded 2 times (x 83B)
Class com.google.common.base.CharMatcher                                              : loaded 2 times (x 111B)
Class com.google.common.collect.PeekingIterator                                       : loaded 2 times (x 70B)
Class org.jetbrains.plugins.gradle.tooling.serialization.ExternalTestsSerializationService: loaded 2 times (x 77B)
Class org.gradle.internal.time.Time                                                   : loaded 2 times (x 71B)
Class org.jetbrains.kotlin.config.MavenComparableVersion$Item                         : loaded 2 times (x 70B)
Class com.google.common.collect.RangeGwtSerializationDependencies                     : loaded 2 times (x 71B)
Class com.google.common.base.Joiner$2                                                 : loaded 2 times (x 79B)
Class org.objectweb.asm.Frame                                                         : loaded 2 times (x 73B)
Class org.objectweb.asm.MethodVisitor                                                 : loaded 2 times (x 105B)
Class com.google.common.base.CharMatcher$NamedFastMatcher                             : loaded 2 times (x 112B)
Class com.google.common.base.CharMatcher$1                                            : loaded 2 times (x 113B)
Class com.google.common.cache.LocalCache$EntryFactory$1                               : loaded 2 times (x 83B)
Class [Lcom.google.common.cache.RemovalListener;                                      : loaded 2 times (x 69B)
Class org.jetbrains.plugins.gradle.tooling.serialization.AnnotationProcessingModelSerializationService: loaded 2 times (x 77B)
Class com.google.common.collect.RangeSet                                              : loaded 2 times (x 70B)
Class com.google.common.cache.LocalCache$EntryFactory$2                               : loaded 2 times (x 83B)
Class org.jetbrains.plugins.gradle.model.DependencyAccessorsModel                     : loaded 2 times (x 70B)
Class [Lcom.intellij.openapi.externalSystem.model.project.dependencies.ResolutionState;: loaded 2 times (x 69B)
Class org.gradle.internal.impldep.gnu.trove.TObjectHash                               : loaded 2 times (x 94B)
Class org.gradle.api.internal.classpath.GlobalCacheRootsProvider                      : loaded 2 times (x 70B)
Class com.google.common.collect.CollectCollectors                                     : loaded 2 times (x 71B)
Class org.objectweb.asm.ModuleWriter                                                  : loaded 2 times (x 82B)
Class com.google.common.cache.LocalCache$EntryFactory$3                               : loaded 2 times (x 83B)
Class com.google.common.base.Ticker$1                                                 : loaded 2 times (x 72B)
Class com.google.common.collect.Maps$BiMapConverter                                   : loaded 2 times (x 90B)
Class com.google.common.collect.ImmutableMapEntrySet$RegularEntrySet                  : loaded 2 times (x 152B)
Class org.jetbrains.kotlin.idea.gradleTooling.KotlinMPPGradleModel                    : loaded 2 times (x 70B)
Class com.intellij.gradle.toolingExtension.impl.model.dependencyDownloadPolicyModel.GradleDependencyDownloadPolicy: loaded 2 times (x 70B)
Class org.gradle.tooling.model.BuildIdentifier                                        : loaded 2 times (x 70B)
Class com.google.common.base.CharMatcher$InRange                                      : loaded 2 times (x 111B)
Class com.google.common.cache.LocalCache$EntryFactory$4                               : loaded 2 times (x 83B)
Class com.google.common.collect.ImmutableSet$Builder                                  : loaded 2 times (x 85B)
Class org.jetbrains.kotlin.idea.gradleTooling.PrepareKotlinIdeImportTaskModel         : loaded 2 times (x 70B)
Class com.google.common.cache.LocalCache$EntryFactory$5                               : loaded 2 times (x 83B)
Class com.google.common.base.PairwiseEquivalence                                      : loaded 2 times (x 83B)
Class com.google.common.cache.LocalCache$EntryFactory$6                               : loaded 2 times (x 83B)
Class org.gradle.internal.time.Timer                                                  : loaded 2 times (x 70B)
Class kotlin.jvm.internal.markers.KMappedMarker                                       : loaded 2 times (x 70B)
Class org.gradle.internal.installation.CurrentGradleInstallationLocator               : loaded 2 times (x 71B)
Class com.google.common.collect.Maps$KeySet                                           : loaded 2 times (x 137B)
Class com.google.common.cache.LocalCache$EntryFactory$7                               : loaded 2 times (x 83B)
Class com.google.common.collect.ImmutableSet$EmptySetBuilderImpl                      : loaded 2 times (x 76B)
Class com.google.common.collect.ImmutableList                                         : loaded 2 times (x 206B)
Class org.gradle.tooling.model.idea.IdeaProject                                       : loaded 2 times (x 70B)
Class org.gradle.tooling.model.DomainObjectSet                                        : loaded 2 times (x 70B)
Class org.gradle.internal.service.DefaultServiceLocator                               : loaded 2 times (x 83B)
Class org.jetbrains.kotlin.util.capitalizeDecapitalize.CapitalizeDecapitalizeKt       : loaded 2 times (x 71B)
Class com.google.common.cache.LocalCache$EntryFactory$8                               : loaded 2 times (x 83B)
Class com.google.common.collect.ImmutableSet$SetBuilderImpl                           : loaded 2 times (x 76B)
Class jdk.internal.jrtfs.JrtDirectoryStream                                           : loaded 2 times (x 89B)
Class org.gradle.util.GradleVersion                                                   : loaded 2 times (x 79B)
Class org.gradle.internal.installation.CurrentGradleInstallation                      : loaded 2 times (x 73B)
Class com.google.common.cache.CacheLoader$1                                           : loaded 2 times (x 75B)
Class com.google.common.collect.ImmutableList$SubList                                 : loaded 2 times (x 209B)
Class org.jetbrains.plugins.gradle.javaModel.JavaGradleManifestModel                  : loaded 2 times (x 70B)
Class org.jetbrains.plugins.gradle.tooling.serialization.GradleExtensionsSerializationService$WriteContext: loaded 2 times (x 72B)
Class com.intellij.gradle.toolingExtension.impl.model.taskModel.GradleTaskSerialisationService$Companion: loaded 2 times (x 71B)
Class org.gradle.util.internal.GUtil                                                  : loaded 2 times (x 71B)
Class com.google.common.util.concurrent.AbstractFuture$SetFuture                      : loaded 2 times (x 75B)
Class com.google.common.cache.AbstractCache$StatsCounter                              : loaded 2 times (x 70B)
Class com.intellij.gradle.toolingExtension.impl.model.utilTurnOffDefaultTasksModel.TurnOffDefaultTasks: loaded 2 times (x 70B)
Class com.intellij.gradle.toolingExtension.impl.model.sourceSetModel.GradleSourceSetSerialisationService$SourceSetModelReadContext: loaded 2 times (x 72B)
Class kotlin.collections.CollectionsKt                                                : loaded 2 times (x 71B)
Class com.google.common.collect.Iterators$MergingIterator                             : loaded 2 times (x 81B)
Class com.google.common.collect.RegularImmutableSet                                   : loaded 2 times (x 149B)
Class com.intellij.gradle.toolingExtension.impl.model.sourceSetModel.GradleSourceSetSerialisationService$SourceSetModelWriteContext: loaded 2 times (x 72B)
Class org.gradle.tooling.internal.adapter.ProtocolToModelAdapter$1                    : loaded 2 times (x 75B)
Class org.gradle.tooling.internal.adapter.ProtocolToModelAdapter$ViewDecoration       : loaded 2 times (x 70B)
Class org.gradle.internal.installation.GradleInstallation                             : loaded 2 times (x 75B)
Class com.google.common.collect.Iterables                                             : loaded 2 times (x 71B)
Class jdk.internal.jimage.decompressor.ResourceDecompressor$StringsProvider           : loaded 2 times (x 70B)
Class org.jetbrains.plugins.gradle.tooling.serialization.GradleExtensionsSerializationService$ReadContext: loaded 2 times (x 72B)
Class org.gradle.tooling.internal.adapter.MethodInvoker                               : loaded 2 times (x 70B)
Class org.jetbrains.plugins.gradle.tooling.serialization.RepositoriesModelSerializationService$WriteContext: loaded 2 times (x 72B)

---------------  S Y S T E M  ---------------

OS:
 Windows 11 , 64 bit Build 26100 (10.0.26100.9168)
OS uptime: 6 days 22:48 hours
Hyper-V role detected

CPU: total 8 (initial active 8) (4 cores per cpu, 2 threads per core) family 6 model 140 stepping 1 microcode 0xa4, cx8, cmov, fxsr, ht, mmx, 3dnowpref, sse, sse2, sse3, ssse3, sse4.1, sse4.2, popcnt, lzcnt, tsc, tscinvbit, avx, avx2, aes, erms, clmul, bmi1, bmi2, adx, avx512f, avx512dq, avx512cd, avx512bw, avx512vl, sha, fma, vzeroupper, avx512_vpopcntdq, avx512_vpclmulqdq, avx512_vaes, avx512_vnni, clflush, clflushopt, clwb, avx512_vbmi2, avx512_vbmi, hv, rdtscp, rdpid, fsrm, gfni, avx512_bitalg, f16c, cet_ibt, cet_ss, avx512_ifma
Processor Information for the first 8 processors :
  Max Mhz: 3110, Current Mhz: 3110, Mhz Limit: 3110

Memory: 4k page, system-wide physical 7975M (465M free)
TotalPageFile size 23065M (AvailPageFile size 72M)
current process WorkingSet (physical memory assigned to process): 614M, peak: 753M
current process commit charge ("private bytes"): 903M, peak: 903M

vm_info: OpenJDK 64-Bit Server VM (21.0.8+-14196175-b1038.72) for windows-amd64 JRE (21.0.8+-14196175-b1038.72), built on 2025-10-01T10:24:33Z by "builder" with MS VC++ 16.10 / 16.11 (VS2019)

END.
